datetime,node_id,tag_id,tag_rssi
2025/07/10 10:00:19.088,726,0081f986075d,-89
2025/07/10 10:00:19.088,726,0081f9860662,-75
2025/07/10 10:00:19.088,726,0081f98602f6,-70
2025/07/10 10:00:19.088,726,0081f98608fc,-68
2025/07/10 10:00:19.088,726,0081f9860866,-67
2025/07/10 10:00:19.088,726,0081f9860356,-64
2025/07/10 10:00:19.088,726,0081f986057c,-64
2025/07/10 10:00:19.088,726,0081f986083d,-60
2025/07/10 10:00:19.088,726,0081f986053f,-52
2025/07/10 10:00:21.995,730,0081f9860662,-71
2025/07/10 10:00:21.995,730,0081f986057c,-66
2025/07/10 10:00:21.995,730,0081f9860866,-65
2025/07/10 10:00:21.995,730,0081f98608fc,-62
2025/07/10 10:00:21.995,730,0081f9860356,-62
2025/07/10 10:00:21.995,730,0081f986083d,-57
2025/07/10 10:00:21.995,730,0081f98602f6,-55
2025/07/10 10:00:21.995,730,0081f986053f,-49
2025/07/10 10:00:36.380,727,0081f9860866,-75
2025/07/10 10:00:36.380,727,0081f986057c,-63
2025/07/10 10:00:36.380,727,0081f9860662,-63
2025/07/10 10:00:36.380,727,0081f986053f,-62
2025/07/10 10:00:36.380,727,0081f98602f6,-62
2025/07/10 10:00:36.380,727,0081f9860356,-58
2025/07/10 10:00:36.380,727,0081f98608fc,-56
2025/07/10 10:00:36.380,727,0081f986083d,-49
2025/07/10 10:00:44.150,728,0081f9860662,-71
2025/07/10 10:00:44.150,728,0081f986053f,-66
2025/07/10 10:00:44.150,728,0081f98602f6,-66
2025/07/10 10:00:44.150,728,0081f98608fc,-61
2025/07/10 10:00:44.150,728,0081f9860356,-54
2025/07/10 10:00:44.150,728,0081f986057c,-51
2025/07/10 10:00:44.150,728,0081f986083d,-51
2025/07/10 10:00:44.150,728,0081f9860866,-50
2025/07/10 10:01:11.136,729,0081f9860662,-75
2025/07/10 10:01:11.136,729,0081f986053f,-65
2025/07/10 10:01:11.136,729,0081f98608fc,-65
2025/07/10 10:01:11.136,729,0081f9860866,-64
2025/07/10 10:01:11.136,729,0081f986057c,-63
2025/07/10 10:01:11.136,729,0081f986083d,-56
2025/07/10 10:01:11.136,729,0081f98602f6,-54
2025/07/10 10:01:11.136,729,0081f9860356,-44
2025/07/10 10:01:39.065,726,0081f986075d,-88
2025/07/10 10:01:39.065,726,0081f9860662,-75
2025/07/10 10:01:39.065,726,0081f9860866,-73
2025/07/10 10:01:39.065,726,0081f98602f6,-70
2025/07/10 10:01:39.065,726,0081f98608fc,-68
2025/07/10 10:01:39.065,726,0081f9860356,-66
2025/07/10 10:01:39.065,726,0081f986057c,-64
2025/07/10 10:01:39.065,726,0081f986083d,-59
2025/07/10 10:01:39.065,726,0081f986053f,-59
2025/07/10 10:01:42.497,730,0081f98602f6,-75
2025/07/10 10:01:42.497,730,0081f9860662,-72
2025/07/10 10:01:42.497,730,0081f986057c,-67
2025/07/10 10:01:42.497,730,0081f98608fc,-64
2025/07/10 10:01:42.497,730,0081f9860866,-64
2025/07/10 10:01:42.497,730,0081f986083d,-57
2025/07/10 10:01:42.497,730,0081f9860356,-56
2025/07/10 10:01:42.497,730,0081f986053f,-49
2025/07/10 10:01:55.442,727,0081f98602f6,-74
2025/07/10 10:01:55.442,727,0081f9860866,-72
2025/07/10 10:01:55.442,727,0081f986053f,-68
2025/07/10 10:01:55.442,727,0081f9860662,-67
2025/07/10 10:01:55.442,727,0081f986057c,-62
2025/07/10 10:01:55.442,727,0081f9860356,-62
2025/07/10 10:01:55.442,727,0081f986083d,-56
2025/07/10 10:01:55.442,727,0081f98608fc,-55
2025/07/10 10:02:04.021,728,0081f986057c,-69
2025/07/10 10:02:04.021,728,0081f9860662,-69
2025/07/10 10:02:04.021,728,0081f9860356,-69
2025/07/10 10:02:04.021,728,0081f986053f,-67
2025/07/10 10:02:04.021,728,0081f98602f6,-62
2025/07/10 10:02:04.021,728,0081f986083d,-60
2025/07/10 10:02:04.021,728,0081f98608fc,-60
2025/07/10 10:02:04.021,728,0081f9860866,-48
2025/07/10 10:02:31.426,729,0081f9860662,-67
2025/07/10 10:02:31.426,729,0081f98608fc,-66
2025/07/10 10:02:31.426,729,0081f98602f6,-60
2025/07/10 10:02:31.426,729,0081f9860866,-60
2025/07/10 10:02:31.426,729,0081f986057c,-58
2025/07/10 10:02:31.426,729,0081f986053f,-55
2025/07/10 10:02:31.426,729,0081f986083d,-53
2025/07/10 10:02:31.426,729,0081f9860356,-48
2025/07/10 10:02:59.026,726,0081f986075d,-86
2025/07/10 10:02:59.026,726,0081f9860662,-77
2025/07/10 10:02:59.026,726,0081f98602f6,-69
2025/07/10 10:02:59.026,726,0081f98608fc,-68
2025/07/10 10:02:59.026,726,0081f9860866,-67
2025/07/10 10:02:59.026,726,0081f986057c,-65
2025/07/10 10:02:59.026,726,0081f986083d,-63
2025/07/10 10:02:59.026,726,0081f9860356,-63
2025/07/10 10:02:59.026,726,0081f986053f,-59
2025/07/10 10:03:03.137,730,0081f986075d,-84
2025/07/10 10:03:03.137,730,0081f98602f6,-73
2025/07/10 10:03:03.137,730,0081f9860662,-70
2025/07/10 10:03:03.137,730,0081f9860866,-68
2025/07/10 10:03:03.137,730,0081f986053f,-65
2025/07/10 10:03:03.137,730,0081f986057c,-64
2025/07/10 10:03:03.137,730,0081f9860356,-59
2025/07/10 10:03:03.137,730,0081f986083d,-58
2025/07/10 10:03:03.137,730,0081f98608fc,-56
2025/07/10 10:03:14.830,727,0081f986075d,-91
2025/07/10 10:03:14.830,727,0081f9860866,-77
2025/07/10 10:03:14.830,727,0081f9860662,-66
2025/07/10 10:03:14.830,727,0081f98602f6,-62
2025/07/10 10:03:14.830,727,0081f986057c,-62
2025/07/10 10:03:14.830,727,0081f986053f,-61
2025/07/10 10:03:14.830,727,0081f986083d,-58
2025/07/10 10:03:14.830,727,0081f9860356,-58
2025/07/10 10:03:14.830,727,0081f98608fc,-53
2025/07/10 10:03:24.335,728,0081f986053f,-67
2025/07/10 10:03:24.335,728,0081f9860662,-66
2025/07/10 10:03:24.335,728,0081f9860356,-62
2025/07/10 10:03:24.335,728,0081f98602f6,-59
2025/07/10 10:03:24.335,728,0081f986083d,-54
2025/07/10 10:03:24.335,728,0081f986057c,-51
2025/07/10 10:03:24.335,728,0081f98608fc,-51
2025/07/10 10:03:24.335,728,0081f9860866,-49
2025/07/10 10:03:51.790,729,0081f9860662,-66
2025/07/10 10:03:51.790,729,0081f9860866,-65
2025/07/10 10:03:51.790,729,0081f98608fc,-63
2025/07/10 10:03:51.790,729,0081f986057c,-62
2025/07/10 10:03:51.790,729,0081f986053f,-56
2025/07/10 10:03:51.790,729,0081f98602f6,-54
2025/07/10 10:03:51.790,729,0081f9860356,-51
2025/07/10 10:03:51.790,729,0081f986083d,-48
2025/07/10 10:04:23.710,730,0081f9860662,-69
2025/07/10 10:04:23.710,730,0081f986057c,-67
2025/07/10 10:04:23.710,730,0081f9860866,-64
2025/07/10 10:04:23.710,730,0081f9860356,-62
2025/07/10 10:04:23.710,730,0081f986083d,-60
2025/07/10 10:04:23.710,730,0081f98602f6,-55
2025/07/10 10:04:23.710,730,0081f98608fc,-50
2025/07/10 10:04:23.710,730,0081f986053f,-49
2025/07/10 10:04:23.819,726,0081f986075d,-83
2025/07/10 10:04:23.819,726,0081f9860662,-72
2025/07/10 10:04:23.819,726,0081f9860866,-70
2025/07/10 10:04:23.819,726,0081f98602f6,-68
2025/07/10 10:04:23.819,726,0081f986083d,-62
2025/07/10 10:04:23.819,726,0081f986057c,-61
2025/07/10 10:04:23.819,726,0081f98608fc,-61
2025/07/10 10:04:23.819,726,0081f986053f,-58
2025/07/10 10:04:23.819,726,0081f9860356,-49
2025/07/10 10:04:33.981,727,0081f9860662,-72
2025/07/10 10:04:33.981,727,0081f9860866,-64
2025/07/10 10:04:33.981,727,0081f9860356,-63
2025/07/10 10:04:33.981,727,0081f986057c,-63
2025/07/10 10:04:33.981,727,0081f986083d,-62
2025/07/10 10:04:33.981,727,0081f98602f6,-60
2025/07/10 10:04:33.981,727,0081f986053f,-58
2025/07/10 10:04:33.981,727,0081f98608fc,-56
2025/07/10 10:04:44.712,728,0081f986053f,-70
2025/07/10 10:04:44.712,728,0081f9860662,-67
2025/07/10 10:04:44.712,728,0081f98602f6,-65
2025/07/10 10:04:44.712,728,0081f986057c,-59
2025/07/10 10:04:44.712,728,0081f986083d,-58
2025/07/10 10:04:44.712,728,0081f98608fc,-53
2025/07/10 10:04:44.712,728,0081f9860866,-46
2025/07/10 10:05:12.147,729,0081f9860662,-73
2025/07/10 10:05:12.147,729,0081f986053f,-68
2025/07/10 10:05:12.147,729,0081f9860866,-59
2025/07/10 10:05:12.147,729,0081f98608fc,-57
2025/07/10 10:05:12.147,729,0081f986057c,-57
2025/07/10 10:05:12.147,729,0081f98602f6,-54
2025/07/10 10:05:12.147,729,0081f986083d,-51
2025/07/10 10:05:12.147,729,0081f9860356,-50
2025/07/10 10:05:38.892,726,0081f986075d,-83
2025/07/10 10:05:38.892,726,0081f9860662,-76
2025/07/10 10:05:38.892,726,0081f9860866,-69
2025/07/10 10:05:38.892,726,0081f98602f6,-67
2025/07/10 10:05:38.892,726,0081f9860356,-64
2025/07/10 10:05:38.892,726,0081f986083d,-62
2025/07/10 10:05:38.892,726,0081f98608fc,-60
2025/07/10 10:05:38.892,726,0081f986057c,-60
2025/07/10 10:05:38.892,726,0081f986053f,-57
2025/07/10 10:05:44.125,730,0081f98608fc,-73
2025/07/10 10:05:44.125,730,0081f98602f6,-72
2025/07/10 10:05:44.125,730,0081f9860866,-70
2025/07/10 10:05:44.125,730,0081f9860662,-70
2025/07/10 10:05:44.125,730,0081f986057c,-63
2025/07/10 10:05:44.125,730,0081f986083d,-62
2025/07/10 10:05:44.125,730,0081f9860356,-60
2025/07/10 10:05:44.125,730,0081f986053f,-50
2025/07/10 10:05:53.184,727,0081f986057c,-68
2025/07/10 10:05:53.184,727,0081f9860662,-66
2025/07/10 10:05:53.184,727,0081f986053f,-64
2025/07/10 10:05:53.184,727,0081f98602f6,-62
2025/07/10 10:05:53.184,727,0081f9860356,-62
2025/07/10 10:05:53.184,727,0081f9860866,-61
2025/07/10 10:05:53.184,727,0081f98608fc,-53
2025/07/10 10:05:53.184,727,0081f986083d,-50
2025/07/10 10:06:05.249,728,0081f9860662,-68
2025/07/10 10:06:05.249,728,0081f986053f,-61
2025/07/10 10:06:05.249,728,0081f98602f6,-58
2025/07/10 10:06:05.249,728,0081f9860356,-55
2025/07/10 10:06:05.249,728,0081f98608fc,-53
2025/07/10 10:06:05.249,728,0081f986057c,-53
2025/07/10 10:06:05.249,728,0081f986083d,-53
2025/07/10 10:06:05.249,728,0081f9860866,-51
2025/07/10 10:06:32.755,729,0081f98608fc,-72
2025/07/10 10:06:32.755,729,0081f9860662,-67
2025/07/10 10:06:32.755,729,0081f986057c,-67
2025/07/10 10:06:32.755,729,0081f9860356,-64
2025/07/10 10:06:32.755,729,0081f986053f,-63
2025/07/10 10:06:32.755,729,0081f9860866,-61
2025/07/10 10:06:32.755,729,0081f98602f6,-58
2025/07/10 10:06:32.755,729,0081f986083d,-54
2025/07/10 10:06:58.740,726,0081f986075d,-93
2025/07/10 10:06:58.740,726,0081f9860662,-78
2025/07/10 10:06:58.740,726,0081f98602f6,-70
2025/07/10 10:06:58.740,726,0081f9860866,-70
2025/07/10 10:06:58.740,726,0081f9860356,-69
2025/07/10 10:06:58.740,726,0081f98608fc,-61
2025/07/10 10:06:58.740,726,0081f986083d,-60
2025/07/10 10:06:58.740,726,0081f986057c,-60
2025/07/10 10:06:58.740,726,0081f986053f,-59
2025/07/10 10:07:04.852,730,0081f986075d,-88
2025/07/10 10:07:04.852,730,0081f9860866,-79
2025/07/10 10:07:04.852,730,0081f986057c,-72
2025/07/10 10:07:04.852,730,0081f9860662,-72
2025/07/10 10:07:04.852,730,0081f986083d,-68
2025/07/10 10:07:04.852,730,0081f9860356,-68
2025/07/10 10:07:04.852,730,0081f98608fc,-65
2025/07/10 10:07:04.852,730,0081f98602f6,-58
2025/07/10 10:07:04.852,730,0081f986053f,-45
2025/07/10 10:07:12.439,727,0081f9860662,-84
2025/07/10 10:07:12.439,727,0081f9860866,-76
2025/07/10 10:07:12.439,727,0081f986053f,-65
2025/07/10 10:07:12.439,727,0081f98602f6,-62
2025/07/10 10:07:12.439,727,0081f9860356,-62
2025/07/10 10:07:12.439,727,0081f986057c,-59
2025/07/10 10:07:12.439,727,0081f986083d,-55
2025/07/10 10:07:12.439,727,0081f98608fc,-50
2025/07/10 10:07:25.682,728,0081f9860662,-69
2025/07/10 10:07:25.682,728,0081f98602f6,-66
2025/07/10 10:07:25.682,728,0081f986053f,-66
2025/07/10 10:07:25.682,728,0081f9860356,-59
2025/07/10 10:07:25.682,728,0081f986057c,-56
2025/07/10 10:07:25.682,728,0081f986083d,-53
2025/07/10 10:07:25.682,728,0081f98608fc,-53
2025/07/10 10:07:25.682,728,0081f9860866,-50
2025/07/10 10:07:52.928,729,0081f9860662,-74
2025/07/10 10:07:52.928,729,0081f9860866,-66
2025/07/10 10:07:52.928,729,0081f986053f,-65
2025/07/10 10:07:52.928,729,0081f98608fc,-59
2025/07/10 10:07:52.928,729,0081f986057c,-57
2025/07/10 10:07:52.928,729,0081f98602f6,-54
2025/07/10 10:07:52.928,729,0081f986083d,-48
2025/07/10 10:07:52.928,729,0081f9860356,-47
2025/07/10 10:08:18.575,726,0081f98602f6,-72
2025/07/10 10:08:18.575,726,0081f9860662,-71
2025/07/10 10:08:18.575,726,0081f9860866,-71
2025/07/10 10:08:18.575,726,0081f9860356,-68
2025/07/10 10:08:18.575,726,0081f98608fc,-62
2025/07/10 10:08:18.575,726,0081f986083d,-62
2025/07/10 10:08:18.575,726,0081f986057c,-59
2025/07/10 10:08:18.575,726,0081f986053f,-54
2025/07/10 10:08:25.477,730,0081f98608fc,-69
2025/07/10 10:08:25.477,730,0081f986057c,-65
2025/07/10 10:08:25.477,730,0081f986083d,-62
2025/07/10 10:08:25.477,730,0081f9860356,-62
2025/07/10 10:08:25.477,730,0081f986053f,-61
2025/07/10 10:08:25.477,730,0081f98602f6,-55
2025/07/10 10:08:25.477,730,0081f9860866,-55
2025/07/10 10:08:25.477,730,0081f9860662,-51
2025/07/10 10:08:31.622,727,0081f986057c,-71
2025/07/10 10:08:31.622,727,0081f9860662,-70
2025/07/10 10:08:31.622,727,0081f9860356,-65
2025/07/10 10:08:31.622,727,0081f9860866,-63
2025/07/10 10:08:31.622,727,0081f986053f,-63
2025/07/10 10:08:31.622,727,0081f98602f6,-62
2025/07/10 10:08:31.622,727,0081f98608fc,-53
2025/07/10 10:08:31.622,727,0081f986083d,-49
2025/07/10 10:08:46.065,728,0081f9860356,-65
2025/07/10 10:08:46.065,728,0081f986053f,-65
2025/07/10 10:08:46.065,728,0081f98608fc,-63
2025/07/10 10:08:46.065,728,0081f98602f6,-62
2025/07/10 10:08:46.065,728,0081f986057c,-60
2025/07/10 10:08:46.065,728,0081f986083d,-58
2025/07/10 10:08:46.065,728,0081f9860866,-46
2025/07/10 10:09:13.574,729,0081f9860662,-88
2025/07/10 10:09:13.574,729,0081f986053f,-66
2025/07/10 10:09:13.574,729,0081f98608fc,-61
2025/07/10 10:09:13.574,729,0081f9860866,-59
2025/07/10 10:09:13.574,729,0081f986057c,-57
2025/07/10 10:09:13.574,729,0081f98602f6,-55
2025/07/10 10:09:13.574,729,0081f986083d,-50
2025/07/10 10:09:13.574,729,0081f9860356,-45
2025/07/10 10:09:38.502,726,0081f986075d,-90
2025/07/10 10:09:38.502,726,0081f9860662,-72
2025/07/10 10:09:38.502,726,0081f9860356,-70
2025/07/10 10:09:38.502,726,0081f9860866,-70
2025/07/10 10:09:38.502,726,0081f986057c,-67
2025/07/10 10:09:38.502,726,0081f98602f6,-65
2025/07/10 10:09:38.502,726,0081f98608fc,-64
2025/07/10 10:09:38.502,726,0081f986083d,-63
2025/07/10 10:09:38.502,726,0081f986053f,-55
2025/07/10 10:09:50.722,727,0081f9860662,-77
2025/07/10 10:09:50.722,727,0081f9860866,-66
2025/07/10 10:09:50.722,727,0081f98602f6,-66
2025/07/10 10:09:50.722,727,0081f9860356,-61
2025/07/10 10:09:50.722,727,0081f986057c,-58
2025/07/10 10:09:50.722,727,0081f986083d,-56
2025/07/10 10:09:50.722,727,0081f986053f,-56
2025/07/10 10:09:50.722,727,0081f98608fc,-53
2025/07/10 10:09:50.840,730,0081f9860662,-82
2025/07/10 10:09:50.840,730,0081f98608fc,-70
2025/07/10 10:09:50.840,730,0081f9860356,-65
2025/07/10 10:09:50.840,730,0081f986083d,-64
2025/07/10 10:09:50.840,730,0081f986057c,-64
2025/07/10 10:09:50.840,730,0081f9860866,-63
2025/07/10 10:09:50.840,730,0081f98602f6,-56
2025/07/10 10:09:50.840,730,0081f986053f,-50
2025/07/10 10:10:06.377,728,0081f9860356,-65
2025/07/10 10:10:06.377,728,0081f9860662,-64
2025/07/10 10:10:06.377,728,0081f986053f,-61
2025/07/10 10:10:06.377,728,0081f98608fc,-61
2025/07/10 10:10:06.377,728,0081f98602f6,-55
2025/07/10 10:10:06.377,728,0081f986057c,-53
2025/07/10 10:10:06.377,728,0081f986083d,-52
2025/07/10 10:10:06.377,728,0081f9860866,-50
2025/07/10 10:10:33.960,729,0081f9860662,-82
2025/07/10 10:10:33.960,729,0081f986057c,-66
2025/07/10 10:10:33.960,729,0081f98608fc,-65
2025/07/10 10:10:33.960,729,0081f9860866,-61
2025/07/10 10:10:33.960,729,0081f986053f,-57
2025/07/10 10:10:33.960,729,0081f98602f6,-54
2025/07/10 10:10:33.960,729,0081f986083d,-50
2025/07/10 10:10:33.960,729,0081f9860356,-47
2025/07/10 10:10:58.262,726,0081f9860356,-78
2025/07/10 10:10:58.262,726,0081f9860662,-76
2025/07/10 10:10:58.262,726,0081f9860866,-72
2025/07/10 10:10:58.262,726,0081f98608fc,-70
2025/07/10 10:10:58.262,726,0081f986057c,-66
2025/07/10 10:10:58.262,726,0081f98602f6,-65
2025/07/10 10:10:58.262,726,0081f986083d,-63
2025/07/10 10:10:58.262,726,0081f986053f,-62
2025/07/10 10:11:06.272,730,0081f9860866,-80
2025/07/10 10:11:06.272,730,0081f9860662,-73
2025/07/10 10:11:06.272,730,0081f986083d,-71
2025/07/10 10:11:06.272,730,0081f986057c,-68
2025/07/10 10:11:06.272,730,0081f98602f6,-68
2025/07/10 10:11:06.272,730,0081f98608fc,-67
2025/07/10 10:11:06.272,730,0081f9860356,-55
2025/07/10 10:11:06.272,730,0081f986053f,-51
2025/07/10 10:11:09.727,727,0081f9860662,-79
2025/07/10 10:11:09.727,727,0081f986053f,-65
2025/07/10 10:11:09.727,727,0081f98602f6,-63
2025/07/10 10:11:09.727,727,0081f9860866,-61
2025/07/10 10:11:09.727,727,0081f986057c,-61
2025/07/10 10:11:09.727,727,0081f9860356,-59
2025/07/10 10:11:09.727,727,0081f98608fc,-58
2025/07/10 10:11:09.727,727,0081f986083d,-50
2025/07/10 10:11:26.863,728,0081f9860662,-68
2025/07/10 10:11:26.863,728,0081f986053f,-65
2025/07/10 10:11:26.863,728,0081f9860356,-60
2025/07/10 10:11:26.863,728,0081f98602f6,-59
2025/07/10 10:11:26.863,728,0081f98608fc,-58
2025/07/10 10:11:26.863,728,0081f986057c,-55
2025/07/10 10:11:26.863,728,0081f986083d,-53
2025/07/10 10:11:26.863,728,0081f9860866,-47
2025/07/10 10:11:54.343,729,0081f986053f,-66
2025/07/10 10:11:54.343,729,0081f9860662,-66
2025/07/10 10:11:54.343,729,0081f9860866,-65
2025/07/10 10:11:54.343,729,0081f98608fc,-61
2025/07/10 10:11:54.343,729,0081f98602f6,-57
2025/07/10 10:11:54.343,729,0081f986057c,-56
2025/07/10 10:11:54.343,729,0081f986083d,-49
2025/07/10 10:11:54.343,729,0081f9860356,-48
2025/07/10 10:12:18.110,726,0081f9860662,-86
2025/07/10 10:12:18.110,726,0081f98608fc,-72
2025/07/10 10:12:18.110,726,0081f9860866,-68
2025/07/10 10:12:18.110,726,0081f98602f6,-65
2025/07/10 10:12:18.110,726,0081f9860356,-64
2025/07/10 10:12:18.110,726,0081f986057c,-61
2025/07/10 10:12:18.110,726,0081f986083d,-57
2025/07/10 10:12:18.110,726,0081f986053f,-51
2025/07/10 10:12:26.792,730,0081f9860866,-80
2025/07/10 10:12:26.792,730,0081f9860662,-78
2025/07/10 10:12:26.792,730,0081f986057c,-68
2025/07/10 10:12:26.792,730,0081f986083d,-64
2025/07/10 10:12:26.792,730,0081f9860356,-63
2025/07/10 10:12:26.792,730,0081f98608fc,-62
2025/07/10 10:12:26.792,730,0081f98602f6,-58
2025/07/10 10:12:26.792,730,0081f986053f,-57
2025/07/10 10:12:29.041,727,0081f9860866,-75
2025/07/10 10:12:29.041,727,0081f9860356,-64
2025/07/10 10:12:29.041,727,0081f9860662,-63
2025/07/10 10:12:29.041,727,0081f98602f6,-62
2025/07/10 10:12:29.041,727,0081f986053f,-60
2025/07/10 10:12:29.041,727,0081f986057c,-58
2025/07/10 10:12:29.041,727,0081f986083d,-56
2025/07/10 10:12:29.041,727,0081f98608fc,-48
2025/07/10 10:12:47.523,728,0081f9860662,-73
2025/07/10 10:12:47.523,728,0081f9860356,-70
2025/07/10 10:12:47.523,728,0081f986053f,-65
2025/07/10 10:12:47.523,728,0081f986083d,-64
2025/07/10 10:12:47.523,728,0081f98608fc,-60
2025/07/10 10:12:47.523,728,0081f98602f6,-58
2025/07/10 10:12:47.523,728,0081f986057c,-53
2025/07/10 10:12:47.523,728,0081f9860866,-46
2025/07/10 10:13:14.755,729,0081f986053f,-68
2025/07/10 10:13:14.755,729,0081f9860662,-68
2025/07/10 10:13:14.755,729,0081f986057c,-65
2025/07/10 10:13:14.755,729,0081f98608fc,-59
2025/07/10 10:13:14.755,729,0081f9860866,-59
2025/07/10 10:13:14.755,729,0081f98602f6,-58
2025/07/10 10:13:14.755,729,0081f9860356,-57
2025/07/10 10:13:14.755,729,0081f986083d,-48
2025/07/10 10:13:37.867,726,0081f9860662,-81
2025/07/10 10:13:37.867,726,0081f9860866,-71
2025/07/10 10:13:37.867,726,0081f9860356,-71
2025/07/10 10:13:37.867,726,0081f986057c,-67
2025/07/10 10:13:37.867,726,0081f98602f6,-67
2025/07/10 10:13:37.867,726,0081f986083d,-62
2025/07/10 10:13:37.867,726,0081f98608fc,-60
2025/07/10 10:13:37.867,726,0081f986053f,-58
2025/07/10 10:13:47.342,730,0081f986075d,-88
2025/07/10 10:13:47.342,730,0081f9860662,-76
2025/07/10 10:13:47.342,730,0081f986057c,-66
2025/07/10 10:13:47.342,730,0081f98608fc,-63
2025/07/10 10:13:47.342,730,0081f9860356,-62
2025/07/10 10:13:47.342,730,0081f986083d,-59
2025/07/10 10:13:47.342,730,0081f98602f6,-56
2025/07/10 10:13:47.342,730,0081f986053f,-56
2025/07/10 10:13:47.342,730,0081f9860866,-56
2025/07/10 10:13:48.225,727,0081f986053f,-67
2025/07/10 10:13:48.225,727,0081f9860356,-64
2025/07/10 10:13:48.225,727,0081f98602f6,-63
2025/07/10 10:13:48.225,727,0081f98608fc,-63
2025/07/10 10:13:48.225,727,0081f9860866,-63
2025/07/10 10:13:48.225,727,0081f986057c,-63
2025/07/10 10:13:48.225,727,0081f9860662,-63
2025/07/10 10:13:48.225,727,0081f986083d,-50
2025/07/10 10:14:07.614,728,0081f9860662,-78
2025/07/10 10:14:07.614,728,0081f986053f,-64
2025/07/10 10:14:07.614,728,0081f9860356,-62
2025/07/10 10:14:07.614,728,0081f986057c,-60
2025/07/10 10:14:07.614,728,0081f98602f6,-59
2025/07/10 10:14:07.614,728,0081f986083d,-54
2025/07/10 10:14:07.614,728,0081f98608fc,-53
2025/07/10 10:14:07.614,728,0081f9860866,-51
2025/07/10 10:14:35.109,729,0081f9860662,-74
2025/07/10 10:14:35.109,729,0081f98608fc,-66
2025/07/10 10:14:35.109,729,0081f9860866,-62
2025/07/10 10:14:35.109,729,0081f986053f,-56
2025/07/10 10:14:35.109,729,0081f986057c,-55
2025/07/10 10:14:35.109,729,0081f98602f6,-54
2025/07/10 10:14:35.109,729,0081f986083d,-50
2025/07/10 10:14:35.109,729,0081f9860356,-42
2025/07/10 10:14:57.708,726,0081f986075d,-91
2025/07/10 10:14:57.708,726,0081f9860662,-78
2025/07/10 10:14:57.708,726,0081f98608fc,-76
2025/07/10 10:14:57.708,726,0081f9860866,-71
2025/07/10 10:14:57.708,726,0081f98602f6,-68
2025/07/10 10:14:57.708,726,0081f9860356,-64
2025/07/10 10:14:57.708,726,0081f986057c,-62
2025/07/10 10:14:57.708,726,0081f986083d,-56
2025/07/10 10:14:57.708,726,0081f986053f,-51
2025/07/10 10:15:07.503,727,0081f9860866,-68
2025/07/10 10:15:07.503,727,0081f986053f,-67
2025/07/10 10:15:07.503,727,0081f9860662,-67
2025/07/10 10:15:07.503,727,0081f98602f6,-62
2025/07/10 10:15:07.503,727,0081f986057c,-59
2025/07/10 10:15:07.503,727,0081f9860356,-54
2025/07/10 10:15:07.503,727,0081f986083d,-54
2025/07/10 10:15:07.503,727,0081f98608fc,-53
2025/07/10 10:15:07.769,730,0081f9860662,-78
2025/07/10 10:15:07.769,730,0081f9860866,-75
2025/07/10 10:15:07.769,730,0081f986083d,-69
2025/07/10 10:15:07.769,730,0081f98608fc,-66
2025/07/10 10:15:07.769,730,0081f986057c,-62
2025/07/10 10:15:07.769,730,0081f9860356,-58
2025/07/10 10:15:07.769,730,0081f98602f6,-57
2025/07/10 10:15:07.769,730,0081f986053f,-49
2025/07/10 10:15:28.011,728,0081f9860662,-77
2025/07/10 10:15:28.011,728,0081f986083d,-66
2025/07/10 10:15:28.011,728,0081f986053f,-66
2025/07/10 10:15:28.011,728,0081f98602f6,-65
2025/07/10 10:15:28.011,728,0081f986057c,-61
2025/07/10 10:15:28.011,728,0081f98608fc,-60
2025/07/10 10:15:28.011,728,0081f9860356,-53
2025/07/10 10:15:28.011,728,0081f9860866,-47
2025/07/10 10:15:55.521,729,0081f9860662,-66
2025/07/10 10:15:55.521,729,0081f986053f,-63
2025/07/10 10:15:55.521,729,0081f986057c,-61
2025/07/10 10:15:55.521,729,0081f9860866,-59
2025/07/10 10:15:55.521,729,0081f98602f6,-55
2025/07/10 10:15:55.521,729,0081f98608fc,-54
2025/07/10 10:15:55.521,729,0081f986083d,-54
2025/07/10 10:15:55.521,729,0081f9860356,-50
2025/07/10 10:16:17.547,726,0081f986075d,-91
2025/07/10 10:16:17.547,726,0081f9860866,-72
2025/07/10 10:16:17.547,726,0081f98602f6,-68
2025/07/10 10:16:17.547,726,0081f98608fc,-65
2025/07/10 10:16:17.547,726,0081f9860356,-63
2025/07/10 10:16:17.547,726,0081f986057c,-62
2025/07/10 10:16:17.547,726,0081f986083d,-57
2025/07/10 10:16:17.547,726,0081f986053f,-51
2025/07/10 10:16:26.628,727,0081f986057c,-80
2025/07/10 10:16:26.628,727,0081f9860662,-70
2025/07/10 10:16:26.628,727,0081f9860866,-69
2025/07/10 10:16:26.628,727,0081f986053f,-67
2025/07/10 10:16:26.628,727,0081f98602f6,-63
2025/07/10 10:16:26.628,727,0081f9860356,-62
2025/07/10 10:16:26.628,727,0081f986083d,-62
2025/07/10 10:16:26.628,727,0081f98608fc,-60
2025/07/10 10:16:28.333,730,0081f986075d,-90
2025/07/10 10:16:28.333,730,0081f986057c,-69
2025/07/10 10:16:28.333,730,0081f9860662,-67
2025/07/10 10:16:28.333,730,0081f98608fc,-67
2025/07/10 10:16:28.333,730,0081f986083d,-67
2025/07/10 10:16:28.333,730,0081f986053f,-60
2025/07/10 10:16:28.333,730,0081f98602f6,-59
2025/07/10 10:16:28.333,730,0081f9860866,-58
2025/07/10 10:16:28.333,730,0081f9860356,-54
2025/07/10 10:16:48.546,728,0081f9860662,-71
2025/07/10 10:16:48.546,728,0081f986053f,-65
2025/07/10 10:16:48.546,728,0081f986083d,-59
2025/07/10 10:16:48.546,728,0081f98602f6,-59
2025/07/10 10:16:48.546,728,0081f98608fc,-55
2025/07/10 10:16:48.546,728,0081f9860356,-54
2025/07/10 10:16:48.546,728,0081f986057c,-54
2025/07/10 10:16:48.546,728,0081f9860866,-53
2025/07/10 10:17:15.887,729,0081f9860662,-71
2025/07/10 10:17:15.887,729,0081f986053f,-70
2025/07/10 10:17:15.887,729,0081f986057c,-62
2025/07/10 10:17:15.887,729,0081f98608fc,-59
2025/07/10 10:17:15.887,729,0081f9860866,-59
2025/07/10 10:17:15.887,729,0081f98602f6,-56
2025/07/10 10:17:15.887,729,0081f9860356,-54
2025/07/10 10:17:15.887,729,0081f986083d,-50
2025/07/10 10:17:37.405,726,0081f986075d,-89
2025/07/10 10:17:37.405,726,0081f9860662,-80
2025/07/10 10:17:37.405,726,0081f9860866,-74
2025/07/10 10:17:37.405,726,0081f9860356,-70
2025/07/10 10:17:37.405,726,0081f986057c,-69
2025/07/10 10:17:37.405,726,0081f98602f6,-67
2025/07/10 10:17:37.405,726,0081f98608fc,-65
2025/07/10 10:17:37.405,726,0081f986083d,-63
2025/07/10 10:17:37.405,726,0081f986053f,-59
2025/07/10 10:17:45.939,727,0081f9860866,-74
2025/07/10 10:17:45.939,727,0081f9860356,-67
2025/07/10 10:17:45.939,727,0081f9860662,-67
2025/07/10 10:17:45.939,727,0081f986053f,-67
2025/07/10 10:17:45.939,727,0081f98602f6,-62
2025/07/10 10:17:45.939,727,0081f986057c,-61
2025/07/10 10:17:45.939,727,0081f98608fc,-54
2025/07/10 10:17:45.939,727,0081f986083d,-51
2025/07/10 10:17:48.784,730,0081f9860662,-78
2025/07/10 10:17:48.784,730,0081f98602f6,-76
2025/07/10 10:17:48.784,730,0081f9860356,-70
2025/07/10 10:17:48.784,730,0081f9860866,-69
2025/07/10 10:17:48.784,730,0081f98608fc,-67
2025/07/10 10:17:48.784,730,0081f986057c,-63
2025/07/10 10:17:48.784,730,0081f986083d,-62
2025/07/10 10:17:48.784,730,0081f986053f,-50
2025/07/10 10:18:08.893,728,0081f9860662,-84
2025/07/10 10:18:08.893,728,0081f986053f,-68
2025/07/10 10:18:08.893,728,0081f98602f6,-66
2025/07/10 10:18:08.893,728,0081f986057c,-60
2025/07/10 10:18:08.893,728,0081f9860356,-59
2025/07/10 10:18:08.893,728,0081f98608fc,-57
2025/07/10 10:18:08.893,728,0081f986083d,-52
2025/07/10 10:18:08.893,728,0081f9860866,-50
2025/07/10 10:18:36.238,729,0081f9860662,-87
2025/07/10 10:18:36.238,729,0081f98608fc,-66
2025/07/10 10:18:36.238,729,0081f9860866,-63
2025/07/10 10:18:36.238,729,0081f986053f,-57
2025/07/10 10:18:36.238,729,0081f98602f6,-56
2025/07/10 10:18:36.238,729,0081f986057c,-55
2025/07/10 10:18:36.238,729,0081f986083d,-49
2025/07/10 10:18:36.238,729,0081f9860356,-48
2025/07/10 10:18:57.274,726,0081f986075d,-89
2025/07/10 10:18:57.274,726,0081f9860662,-78
2025/07/10 10:18:57.274,726,0081f9860866,-72
2025/07/10 10:18:57.274,726,0081f9860356,-68
2025/07/10 10:18:57.274,726,0081f986057c,-67
2025/07/10 10:18:57.274,726,0081f98602f6,-67
2025/07/10 10:18:57.274,726,0081f98608fc,-64
2025/07/10 10:18:57.274,726,0081f986083d,-64
2025/07/10 10:18:57.274,726,0081f986053f,-59
2025/07/10 10:19:05.014,727,0081f9860662,-77
2025/07/10 10:19:05.014,727,0081f986057c,-68
2025/07/10 10:19:05.014,727,0081f98602f6,-67
2025/07/10 10:19:05.014,727,0081f9860866,-66
2025/07/10 10:19:05.014,727,0081f986053f,-64
2025/07/10 10:19:05.014,727,0081f9860356,-64
2025/07/10 10:19:05.014,727,0081f986083d,-58
2025/07/10 10:19:05.014,727,0081f98608fc,-51
2025/07/10 10:19:09.442,730,0081f986075d,-88
2025/07/10 10:19:09.442,730,0081f9860662,-80
2025/07/10 10:19:09.442,730,0081f9860866,-70
2025/07/10 10:19:09.442,730,0081f98608fc,-67
2025/07/10 10:19:09.442,730,0081f986083d,-67
2025/07/10 10:19:09.442,730,0081f986057c,-63
2025/07/10 10:19:09.442,730,0081f986053f,-62
2025/07/10 10:19:09.442,730,0081f9860356,-62
2025/07/10 10:19:09.442,730,0081f98602f6,-59
2025/07/10 10:19:29.358,728,0081f9860662,-76
2025/07/10 10:19:29.358,728,0081f9860356,-67
2025/07/10 10:19:29.358,728,0081f986053f,-66
2025/07/10 10:19:29.358,728,0081f98608fc,-65
2025/07/10 10:19:29.358,728,0081f986083d,-58
2025/07/10 10:19:29.358,728,0081f98602f6,-58
2025/07/10 10:19:29.358,728,0081f986057c,-54
2025/07/10 10:19:29.358,728,0081f9860866,-47
2025/07/10 10:19:56.641,729,0081f9860662,-72
2025/07/10 10:19:56.641,729,0081f98608fc,-69
2025/07/10 10:19:56.641,729,0081f986053f,-66
2025/07/10 10:19:56.641,729,0081f9860866,-61
2025/07/10 10:19:56.641,729,0081f986057c,-59
2025/07/10 10:19:56.641,729,0081f98602f6,-56
2025/07/10 10:19:56.641,729,0081f986083d,-50
2025/07/10 10:19:56.641,729,0081f9860356,-49
2025/07/10 10:20:17.224,726,0081f986075d,-92
2025/07/10 10:20:17.224,726,0081f9860662,-80
2025/07/10 10:20:17.224,726,0081f9860866,-71
2025/07/10 10:20:17.224,726,0081f986057c,-70
2025/07/10 10:20:17.224,726,0081f9860356,-67
2025/07/10 10:20:17.224,726,0081f98602f6,-66
2025/07/10 10:20:17.224,726,0081f98608fc,-64
2025/07/10 10:20:17.224,726,0081f986083d,-62
2025/07/10 10:20:17.224,726,0081f986053f,-60
2025/07/10 10:20:24.171,727,0081f9860662,-85
2025/07/10 10:20:24.171,727,0081f9860356,-67
2025/07/10 10:20:24.171,727,0081f986053f,-67
2025/07/10 10:20:24.171,727,0081f9860866,-60
2025/07/10 10:20:24.171,727,0081f986057c,-60
2025/07/10 10:20:24.171,727,0081f98602f6,-60
2025/07/10 10:20:24.171,727,0081f98608fc,-55
2025/07/10 10:20:24.171,727,0081f986083d,-52
2025/07/10 10:20:29.923,730,0081f9860662,-77
2025/07/10 10:20:29.923,730,0081f98602f6,-70
2025/07/10 10:20:29.923,730,0081f9860356,-67
2025/07/10 10:20:29.923,730,0081f98608fc,-64
2025/07/10 10:20:29.923,730,0081f9860866,-63
2025/07/10 10:20:29.923,730,0081f986057c,-62
2025/07/10 10:20:29.923,730,0081f986083d,-57
2025/07/10 10:20:29.923,730,0081f986053f,-50
2025/07/10 10:20:49.623,728,0081f9860662,-82
2025/07/10 10:20:49.623,728,0081f986053f,-67
2025/07/10 10:20:49.623,728,0081f98608fc,-64
2025/07/10 10:20:49.623,728,0081f9860356,-63
2025/07/10 10:20:49.623,728,0081f98602f6,-58
2025/07/10 10:20:49.623,728,0081f986057c,-56
2025/07/10 10:20:49.623,728,0081f9860866,-53
2025/07/10 10:20:49.623,728,0081f986083d,-51
2025/07/10 10:21:17.142,729,0081f9860662,-70
2025/07/10 10:21:17.142,729,0081f98608fc,-60
2025/07/10 10:21:17.142,729,0081f9860866,-59
2025/07/10 10:21:17.142,729,0081f986057c,-57
2025/07/10 10:21:17.142,729,0081f986053f,-56
2025/07/10 10:21:17.142,729,0081f9860356,-54
2025/07/10 10:21:17.142,729,0081f98602f6,-53
2025/07/10 10:21:17.142,729,0081f986083d,-49
2025/07/10 10:21:37.172,726,0081f986075d,-93
2025/07/10 10:21:37.172,726,0081f9860356,-79
2025/07/10 10:21:37.172,726,0081f9860662,-79
2025/07/10 10:21:37.172,726,0081f986057c,-71
2025/07/10 10:21:37.172,726,0081f9860866,-68
2025/07/10 10:21:37.172,726,0081f98602f6,-67
2025/07/10 10:21:37.172,726,0081f986083d,-64
2025/07/10 10:21:37.172,726,0081f98608fc,-62
2025/07/10 10:21:37.172,726,0081f986053f,-62
2025/07/10 10:21:43.386,727,0081f9860662,-73
2025/07/10 10:21:43.386,727,0081f9860866,-63
2025/07/10 10:21:43.386,727,0081f98602f6,-62
2025/07/10 10:21:43.386,727,0081f9860356,-62
2025/07/10 10:21:43.386,727,0081f986053f,-62
2025/07/10 10:21:43.386,727,0081f986057c,-59
2025/07/10 10:21:43.386,727,0081f986083d,-59
2025/07/10 10:21:43.386,727,0081f98608fc,-56
2025/07/10 10:21:50.544,730,0081f9860662,-84
2025/07/10 10:21:50.544,730,0081f98608fc,-65
2025/07/10 10:21:50.544,730,0081f9860866,-62
2025/07/10 10:21:50.544,730,0081f986053f,-61
2025/07/10 10:21:50.544,730,0081f986057c,-60
2025/07/10 10:21:50.544,730,0081f98602f6,-59
2025/07/10 10:21:50.544,730,0081f986083d,-58
2025/07/10 10:21:50.544,730,0081f9860356,-56
2025/07/10 10:22:10.061,728,0081f9860662,-78
2025/07/10 10:22:10.061,728,0081f986053f,-66
2025/07/10 10:22:10.061,728,0081f9860356,-65
2025/07/10 10:22:10.061,728,0081f98608fc,-65
2025/07/10 10:22:10.061,728,0081f986083d,-60
2025/07/10 10:22:10.061,728,0081f98602f6,-57
2025/07/10 10:22:10.061,728,0081f986057c,-56
2025/07/10 10:22:10.061,728,0081f9860866,-47
2025/07/10 10:22:37.627,729,0081f9860662,-82
2025/07/10 10:22:37.627,729,0081f9860866,-64
2025/07/10 10:22:37.627,729,0081f986053f,-62
2025/07/10 10:22:37.627,729,0081f98608fc,-58
2025/07/10 10:22:37.627,729,0081f98602f6,-55
2025/07/10 10:22:37.627,729,0081f986057c,-53
2025/07/10 10:22:37.627,729,0081f986083d,-51
2025/07/10 10:22:37.627,729,0081f9860356,-45
2025/07/10 10:22:57.314,726,0081f986075d,-90
2025/07/10 10:22:57.314,726,0081f9860662,-77
2025/07/10 10:22:57.314,726,0081f9860866,-73
2025/07/10 10:22:57.314,726,0081f98602f6,-67
2025/07/10 10:22:57.314,726,0081f986057c,-66
2025/07/10 10:22:57.314,726,0081f98608fc,-65
2025/07/10 10:22:57.314,726,0081f986083d,-65
2025/07/10 10:22:57.314,726,0081f9860356,-63
2025/07/10 10:22:57.314,726,0081f986053f,-58
2025/07/10 10:23:02.458,727,0081f9860662,-74
2025/07/10 10:23:02.458,727,0081f9860356,-65
2025/07/10 10:23:02.458,727,0081f986053f,-64
2025/07/10 10:23:02.458,727,0081f98602f6,-63
2025/07/10 10:23:02.458,727,0081f9860866,-59
2025/07/10 10:23:02.458,727,0081f986057c,-58
2025/07/10 10:23:02.458,727,0081f98608fc,-54
2025/07/10 10:23:02.458,727,0081f986083d,-51
2025/07/10 10:23:11.091,730,0081f986075d,-87
2025/07/10 10:23:11.091,730,0081f9860866,-85
2025/07/10 10:23:11.091,730,0081f9860662,-78
2025/07/10 10:23:11.091,730,0081f98608fc,-66
2025/07/10 10:23:11.091,730,0081f986083d,-63
2025/07/10 10:23:11.091,730,0081f986057c,-62
2025/07/10 10:23:11.091,730,0081f986053f,-62
2025/07/10 10:23:11.091,730,0081f9860356,-58
2025/07/10 10:23:11.091,730,0081f98602f6,-56
2025/07/10 10:23:30.445,728,0081f9860662,-81
2025/07/10 10:23:30.445,728,0081f986053f,-65
2025/07/10 10:23:30.445,728,0081f9860356,-59
2025/07/10 10:23:30.445,728,0081f98608fc,-57
2025/07/10 10:23:30.445,728,0081f986057c,-56
2025/07/10 10:23:30.445,728,0081f98602f6,-52
2025/07/10 10:23:30.445,728,0081f986083d,-51
2025/07/10 10:23:30.445,728,0081f9860866,-45
2025/07/10 10:23:58.046,729,0081f9860662,-70
2025/07/10 10:23:58.046,729,0081f986057c,-62
2025/07/10 10:23:58.046,729,0081f98608fc,-60
2025/07/10 10:23:58.046,729,0081f9860866,-59
2025/07/10 10:23:58.046,729,0081f986053f,-56
2025/07/10 10:23:58.046,729,0081f98602f6,-54
2025/07/10 10:23:58.046,729,0081f986083d,-50
2025/07/10 10:23:58.046,729,0081f9860356,-47
2025/07/10 10:24:17.049,726,0081f986075d,-90
2025/07/10 10:24:17.049,726,0081f9860662,-87
2025/07/10 10:24:17.049,726,0081f9860866,-74
2025/07/10 10:24:17.049,726,0081f9860356,-72
2025/07/10 10:24:17.049,726,0081f98602f6,-67
2025/07/10 10:24:17.049,726,0081f986057c,-67
2025/07/10 10:24:17.049,726,0081f98608fc,-63
2025/07/10 10:24:17.049,726,0081f986083d,-59
2025/07/10 10:24:17.049,726,0081f986053f,-52
2025/07/10 10:24:21.665,727,0081f986057c,-77
2025/07/10 10:24:21.665,727,0081f9860662,-76
2025/07/10 10:24:21.665,727,0081f9860866,-71
2025/07/10 10:24:21.665,727,0081f9860356,-64
2025/07/10 10:24:21.665,727,0081f986053f,-64
2025/07/10 10:24:21.665,727,0081f98602f6,-64
2025/07/10 10:24:21.665,727,0081f986083d,-60
2025/07/10 10:24:21.665,727,0081f98608fc,-53
2025/07/10 10:24:31.506,730,0081f9860662,-82
2025/07/10 10:24:31.506,730,0081f98602f6,-74
2025/07/10 10:24:31.506,730,0081f9860356,-66
2025/07/10 10:24:31.506,730,0081f986057c,-65
2025/07/10 10:24:31.506,730,0081f9860866,-63
2025/07/10 10:24:31.506,730,0081f986083d,-62
2025/07/10 10:24:31.506,730,0081f98608fc,-60
2025/07/10 10:24:31.506,730,0081f986053f,-50
2025/07/10 10:24:50.861,728,0081f9860662,-74
2025/07/10 10:24:50.861,728,0081f986053f,-67
2025/07/10 10:24:50.861,728,0081f98602f6,-66
2025/07/10 10:24:50.861,728,0081f986083d,-61
2025/07/10 10:24:50.861,728,0081f986057c,-59
2025/07/10 10:24:50.861,728,0081f9860356,-55
2025/07/10 10:24:50.861,728,0081f98608fc,-53
2025/07/10 10:24:50.861,728,0081f9860866,-51
2025/07/10 10:25:18.498,729,0081f9860662,-78
2025/07/10 10:25:18.498,729,0081f98608fc,-63
2025/07/10 10:25:18.498,729,0081f9860866,-60
2025/07/10 10:25:18.498,729,0081f98602f6,-56
2025/07/10 10:25:18.498,729,0081f986053f,-56
2025/07/10 10:25:18.498,729,0081f986083d,-56
2025/07/10 10:25:18.498,729,0081f986057c,-55
2025/07/10 10:25:18.498,729,0081f9860356,-44
2025/07/10 10:25:36.975,726,0081f986075d,-91
2025/07/10 10:25:36.975,726,0081f9860662,-84
2025/07/10 10:25:36.975,726,0081f9860866,-72
2025/07/10 10:25:36.975,726,0081f9860356,-71
2025/07/10 10:25:36.975,726,0081f98602f6,-67
2025/07/10 10:25:36.975,726,0081f986057c,-66
2025/07/10 10:25:36.975,726,0081f98608fc,-60
2025/07/10 10:25:36.975,726,0081f986083d,-59
2025/07/10 10:25:36.975,726,0081f986053f,-52
2025/07/10 10:25:40.878,727,0081f9860662,-79
2025/07/10 10:25:40.878,727,0081f9860356,-68
2025/07/10 10:25:40.878,727,0081f9860866,-68
2025/07/10 10:25:40.878,727,0081f986053f,-66
2025/07/10 10:25:40.878,727,0081f98602f6,-62
2025/07/10 10:25:40.878,727,0081f986057c,-61
2025/07/10 10:25:40.878,727,0081f98608fc,-54
2025/07/10 10:25:40.878,727,0081f986083d,-49
2025/07/10 10:25:52.358,730,0081f986075d,-89
2025/07/10 10:25:52.358,730,0081f9860662,-88
2025/07/10 10:25:52.358,730,0081f98608fc,-64
2025/07/10 10:25:52.358,730,0081f986057c,-63
2025/07/10 10:25:52.358,730,0081f9860866,-63
2025/07/10 10:25:52.358,730,0081f986083d,-62
2025/07/10 10:25:52.358,730,0081f9860356,-61
2025/07/10 10:25:52.358,730,0081f98602f6,-58
2025/07/10 10:25:52.358,730,0081f986053f,-50
2025/07/10 10:26:11.343,728,0081f9860662,-78
2025/07/10 10:26:11.343,728,0081f98608fc,-67
2025/07/10 10:26:11.343,728,0081f986053f,-66
2025/07/10 10:26:11.343,728,0081f9860356,-63
2025/07/10 10:26:11.343,728,0081f986083d,-61
2025/07/10 10:26:11.343,728,0081f98602f6,-57
2025/07/10 10:26:11.343,728,0081f986057c,-56
2025/07/10 10:26:11.343,728,0081f9860866,-48
2025/07/10 10:26:38.793,729,0081f9860662,-73
2025/07/10 10:26:38.793,729,0081f986053f,-68
2025/07/10 10:26:38.793,729,0081f9860866,-65
2025/07/10 10:26:38.793,729,0081f986057c,-60
2025/07/10 10:26:38.793,729,0081f98608fc,-58
2025/07/10 10:26:38.793,729,0081f98602f6,-57
2025/07/10 10:26:38.793,729,0081f986083d,-49
2025/07/10 10:26:38.793,729,0081f9860356,-44
2025/07/10 10:26:56.942,726,0081f986075d,-90
2025/07/10 10:26:56.942,726,0081f9860662,-83
2025/07/10 10:26:56.942,726,0081f9860866,-73
2025/07/10 10:26:56.942,726,0081f9860356,-69
2025/07/10 10:26:56.942,726,0081f98608fc,-68
2025/07/10 10:26:56.942,726,0081f98602f6,-66
2025/07/10 10:26:56.942,726,0081f986057c,-66
2025/07/10 10:26:56.942,726,0081f986083d,-59
2025/07/10 10:26:56.942,726,0081f986053f,-52
2025/07/10 10:27:00.046,727,0081f9860662,-79
2025/07/10 10:27:00.046,727,0081f9860866,-68
2025/07/10 10:27:00.046,727,0081f98602f6,-67
2025/07/10 10:27:00.046,727,0081f9860356,-66
2025/07/10 10:27:00.046,727,0081f986083d,-66
2025/07/10 10:27:00.046,727,0081f986053f,-64
2025/07/10 10:27:00.046,727,0081f986057c,-58
2025/07/10 10:27:00.046,727,0081f98608fc,-50
2025/07/10 10:27:12.540,730,0081f98602f6,-74
2025/07/10 10:27:12.540,730,0081f9860662,-73
2025/07/10 10:27:12.540,730,0081f9860356,-67
2025/07/10 10:27:12.540,730,0081f98608fc,-65
2025/07/10 10:27:12.540,730,0081f986057c,-63
2025/07/10 10:27:12.540,730,0081f986083d,-59
2025/07/10 10:27:12.540,730,0081f9860866,-56
2025/07/10 10:27:12.540,730,0081f986053f,-50
2025/07/10 10:27:31.908,728,0081f9860662,-75
2025/07/10 10:27:31.908,728,0081f986053f,-65
2025/07/10 10:27:31.908,728,0081f98608fc,-62
2025/07/10 10:27:31.908,728,0081f9860356,-61
2025/07/10 10:27:31.908,728,0081f986057c,-57
2025/07/10 10:27:31.908,728,0081f986083d,-53
2025/07/10 10:27:31.908,728,0081f98602f6,-51
2025/07/10 10:27:31.908,728,0081f9860866,-45
2025/07/10 10:27:59.182,729,0081f9860662,-72
2025/07/10 10:27:59.182,729,0081f986057c,-62
2025/07/10 10:27:59.182,729,0081f9860866,-62
2025/07/10 10:27:59.182,729,0081f98608fc,-59
2025/07/10 10:27:59.182,729,0081f986053f,-56
2025/07/10 10:27:59.182,729,0081f98602f6,-54
2025/07/10 10:27:59.182,729,0081f9860356,-51
2025/07/10 10:27:59.182,729,0081f986083d,-48
2025/07/10 10:28:16.528,726,0081f9860356,-78
2025/07/10 10:28:16.528,726,0081f9860662,-77
2025/07/10 10:28:16.528,726,0081f9860866,-74
2025/07/10 10:28:16.528,726,0081f98602f6,-67
2025/07/10 10:28:16.528,726,0081f986057c,-66
2025/07/10 10:28:16.528,726,0081f98608fc,-65
2025/07/10 10:28:16.528,726,0081f986083d,-57
2025/07/10 10:28:16.528,726,0081f986053f,-50
2025/07/10 10:28:19.220,727,0081f9860662,-78
2025/07/10 10:28:19.220,727,0081f9860866,-67
2025/07/10 10:28:19.220,727,0081f986053f,-65
2025/07/10 10:28:19.220,727,0081f9860356,-63
2025/07/10 10:28:19.220,727,0081f98602f6,-63
2025/07/10 10:28:19.220,727,0081f986057c,-58
2025/07/10 10:28:19.220,727,0081f98608fc,-55
2025/07/10 10:28:19.220,727,0081f986083d,-53
2025/07/10 10:28:33.141,730,0081f9860662,-88
2025/07/10 10:28:33.141,730,0081f98602f6,-74
2025/07/10 10:28:33.141,730,0081f986083d,-70
2025/07/10 10:28:33.141,730,0081f98608fc,-68
2025/07/10 10:28:33.141,730,0081f986057c,-63
2025/07/10 10:28:33.141,730,0081f9860866,-62
2025/07/10 10:28:33.141,730,0081f9860356,-62
2025/07/10 10:28:33.141,730,0081f986053f,-50
2025/07/10 10:28:52.341,728,0081f9860662,-75
2025/07/10 10:28:52.341,728,0081f98602f6,-67
2025/07/10 10:28:52.341,728,0081f986053f,-64
2025/07/10 10:28:52.341,728,0081f9860356,-61
2025/07/10 10:28:52.341,728,0081f986083d,-60
2025/07/10 10:28:52.341,728,0081f986057c,-58
2025/07/10 10:28:52.341,728,0081f98608fc,-55
2025/07/10 10:28:52.341,728,0081f9860866,-53
2025/07/10 10:29:19.595,729,0081f9860662,-85
2025/07/10 10:29:19.595,729,0081f98608fc,-78
2025/07/10 10:29:19.595,729,0081f9860866,-66
2025/07/10 10:29:19.595,729,0081f986053f,-63
2025/07/10 10:29:19.595,729,0081f986057c,-55
2025/07/10 10:29:19.595,729,0081f98602f6,-55
2025/07/10 10:29:19.595,729,0081f986083d,-54
2025/07/10 10:29:19.595,729,0081f9860356,-50
2025/07/10 10:29:36.469,726,0081f986075d,-91
2025/07/10 10:29:36.469,726,0081f9860662,-88
2025/07/10 10:29:36.469,726,0081f98602f6,-83
2025/07/10 10:29:36.469,726,0081f9860866,-70
2025/07/10 10:29:36.469,726,0081f9860356,-69
2025/07/10 10:29:36.469,726,0081f98608fc,-67
2025/07/10 10:29:36.469,726,0081f986083d,-63
2025/07/10 10:29:36.469,726,0081f986057c,-61
2025/07/10 10:29:36.469,726,0081f986053f,-60
2025/07/10 10:29:38.490,727,0081f9860662,-70
2025/07/10 10:29:38.490,727,0081f9860866,-69
2025/07/10 10:29:38.490,727,0081f986053f,-66
2025/07/10 10:29:38.490,727,0081f98602f6,-65
2025/07/10 10:29:38.490,727,0081f9860356,-61
2025/07/10 10:29:38.490,727,0081f98608fc,-58
2025/07/10 10:29:38.490,727,0081f986057c,-57
2025/07/10 10:29:38.490,727,0081f986083d,-57
2025/07/10 10:29:53.793,730,0081f986075d,-87
2025/07/10 10:29:53.793,730,0081f9860662,-78
2025/07/10 10:29:53.793,730,0081f98608fc,-73
2025/07/10 10:29:53.793,730,0081f986083d,-65
2025/07/10 10:29:53.793,730,0081f986057c,-64
2025/07/10 10:29:53.793,730,0081f9860866,-62
2025/07/10 10:29:53.793,730,0081f986053f,-61
2025/07/10 10:29:53.793,730,0081f98602f6,-60
2025/07/10 10:29:53.793,730,0081f9860356,-53
2025/07/10 10:30:12.739,728,0081f9860662,-77
2025/07/10 10:30:12.739,728,0081f986053f,-65
2025/07/10 10:30:12.739,728,0081f986083d,-62
2025/07/10 10:30:12.739,728,0081f9860356,-60
2025/07/10 10:30:12.739,728,0081f98602f6,-59
2025/07/10 10:30:12.739,728,0081f98608fc,-56
2025/07/10 10:30:12.739,728,0081f986057c,-56
2025/07/10 10:30:12.739,728,0081f9860866,-49
2025/07/10 10:30:40.018,729,0081f9860662,-71
2025/07/10 10:30:40.018,729,0081f986053f,-68
2025/07/10 10:30:40.018,729,0081f98608fc,-64
2025/07/10 10:30:40.018,729,0081f9860866,-60
2025/07/10 10:30:40.018,729,0081f986057c,-60
2025/07/10 10:30:40.018,729,0081f98602f6,-55
2025/07/10 10:30:40.018,729,0081f9860356,-51
2025/07/10 10:30:40.018,729,0081f986083d,-49
2025/07/10 10:30:56.541,726,0081f986075d,-90
2025/07/10 10:30:56.541,726,0081f9860662,-86
2025/07/10 10:30:56.541,726,0081f98602f6,-79
2025/07/10 10:30:56.541,726,0081f98608fc,-69
2025/07/10 10:30:56.541,726,0081f9860866,-69
2025/07/10 10:30:56.541,726,0081f9860356,-68
2025/07/10 10:30:56.541,726,0081f986057c,-61
2025/07/10 10:30:56.541,726,0081f986053f,-59
2025/07/10 10:30:56.541,726,0081f986083d,-54
2025/07/10 10:30:57.601,727,0081f9860662,-75
2025/07/10 10:30:57.601,727,0081f986053f,-68
2025/07/10 10:30:57.601,727,0081f9860866,-65
2025/07/10 10:30:57.601,727,0081f9860356,-63
2025/07/10 10:30:57.601,727,0081f98602f6,-62
2025/07/10 10:30:57.601,727,0081f98608fc,-62
2025/07/10 10:30:57.601,727,0081f986057c,-62
2025/07/10 10:30:57.601,727,0081f986083d,-54
2025/07/10 10:31:14.349,730,0081f98602f6,-76
2025/07/10 10:31:14.349,730,0081f9860356,-72
2025/07/10 10:31:14.349,730,0081f9860662,-69
2025/07/10 10:31:14.349,730,0081f986057c,-62
2025/07/10 10:31:14.349,730,0081f986083d,-62
2025/07/10 10:31:14.349,730,0081f98608fc,-62
2025/07/10 10:31:14.349,730,0081f9860866,-55
2025/07/10 10:31:14.349,730,0081f986053f,-50
2025/07/10 10:31:33.162,728,0081f9860662,-77
2025/07/10 10:31:33.162,728,0081f9860356,-68
2025/07/10 10:31:33.162,728,0081f986053f,-65
2025/07/10 10:31:33.162,728,0081f98608fc,-61
2025/07/10 10:31:33.162,728,0081f986057c,-60
2025/07/10 10:31:33.162,728,0081f98602f6,-58
2025/07/10 10:31:33.162,728,0081f986083d,-53
2025/07/10 10:31:33.162,728,0081f9860866,-44
2025/07/10 10:32:00.498,729,0081f9860662,-71
2025/07/10 10:32:00.498,729,0081f9860866,-63
2025/07/10 10:32:00.498,729,0081f9860356,-61
2025/07/10 10:32:00.498,729,0081f98608fc,-61
2025/07/10 10:32:00.498,729,0081f986053f,-56
2025/07/10 10:32:00.498,729,0081f98602f6,-55
2025/07/10 10:32:00.498,729,0081f986057c,-54
2025/07/10 10:32:00.498,729,0081f986083d,-53
2025/07/10 10:32:16.325,726,0081f9860662,-84
2025/07/10 10:32:16.325,726,0081f98602f6,-82
2025/07/10 10:32:16.325,726,0081f9860356,-79
2025/07/10 10:32:16.325,726,0081f9860866,-71
2025/07/10 10:32:16.325,726,0081f98608fc,-70
2025/07/10 10:32:16.325,726,0081f986083d,-63
2025/07/10 10:32:16.325,726,0081f986057c,-61
2025/07/10 10:32:16.325,726,0081f986053f,-59
2025/07/10 10:32:16.706,727,0081f986057c,-74
2025/07/10 10:32:16.706,727,0081f9860356,-69
2025/07/10 10:32:16.706,727,0081f9860866,-68
2025/07/10 10:32:16.706,727,0081f9860662,-68
2025/07/10 10:32:16.706,727,0081f986053f,-66
2025/07/10 10:32:16.706,727,0081f98602f6,-64
2025/07/10 10:32:16.706,727,0081f98608fc,-53
2025/07/10 10:32:16.706,727,0081f986083d,-49
2025/07/10 10:32:34.604,730,0081f9860662,-78
2025/07/10 10:32:34.604,730,0081f98602f6,-75
2025/07/10 10:32:34.604,730,0081f9860356,-65
2025/07/10 10:32:34.604,730,0081f986057c,-65
2025/07/10 10:32:34.604,730,0081f9860866,-64
2025/07/10 10:32:34.604,730,0081f98608fc,-62
2025/07/10 10:32:34.604,730,0081f986083d,-61
2025/07/10 10:32:34.604,730,0081f986053f,-50
2025/07/10 10:32:53.592,728,0081f9860662,-76
2025/07/10 10:32:53.592,728,0081f9860356,-66
2025/07/10 10:32:53.592,728,0081f986053f,-65
2025/07/10 10:32:53.592,728,0081f986057c,-58
2025/07/10 10:32:53.592,728,0081f98608fc,-56
2025/07/10 10:32:53.592,728,0081f986083d,-55
2025/07/10 10:32:53.592,728,0081f9860866,-54
2025/07/10 10:32:53.592,728,0081f98602f6,-52
2025/07/10 10:33:21.110,729,0081f986075d,-93
2025/07/10 10:33:21.110,729,0081f9860662,-76
2025/07/10 10:33:21.110,729,0081f9860866,-63
2025/07/10 10:33:21.110,729,0081f986053f,-63
2025/07/10 10:33:21.110,729,0081f98608fc,-62
2025/07/10 10:33:21.110,729,0081f986057c,-60
2025/07/10 10:33:21.110,729,0081f98602f6,-56
2025/07/10 10:33:21.110,729,0081f986083d,-56
2025/07/10 10:33:21.110,729,0081f9860356,-48
2025/07/10 10:33:35.881,727,0081f9860662,-77
2025/07/10 10:33:35.881,727,0081f9860356,-72
2025/07/10 10:33:35.881,727,0081f98608fc,-71
2025/07/10 10:33:35.881,727,0081f986053f,-67
2025/07/10 10:33:35.881,727,0081f98602f6,-63
2025/07/10 10:33:35.881,727,0081f986057c,-62
2025/07/10 10:33:35.881,727,0081f9860866,-62
2025/07/10 10:33:35.881,727,0081f986083d,-60
2025/07/10 10:33:36.115,726,0081f986075d,-91
2025/07/10 10:33:36.115,726,0081f9860662,-82
2025/07/10 10:33:36.115,726,0081f9860866,-75
2025/07/10 10:33:36.115,726,0081f98608fc,-71
2025/07/10 10:33:36.115,726,0081f9860356,-68
2025/07/10 10:33:36.115,726,0081f986057c,-67
2025/07/10 10:33:36.115,726,0081f98602f6,-67
2025/07/10 10:33:36.115,726,0081f986083d,-61
2025/07/10 10:33:36.115,726,0081f986053f,-51
2025/07/10 10:33:55.224,730,0081f9860662,-71
2025/07/10 10:33:55.224,730,0081f98608fc,-67
2025/07/10 10:33:55.224,730,0081f9860866,-64
2025/07/10 10:33:55.224,730,0081f986057c,-63
2025/07/10 10:33:55.224,730,0081f9860356,-63
2025/07/10 10:33:55.224,730,0081f986083d,-61
2025/07/10 10:33:55.224,730,0081f98602f6,-61
2025/07/10 10:33:55.224,730,0081f986053f,-60
2025/07/10 10:34:14.047,728,0081f9860662,-73
2025/07/10 10:34:14.047,728,0081f986053f,-68
2025/07/10 10:34:14.047,728,0081f9860356,-66
2025/07/10 10:34:14.047,728,0081f986083d,-61
2025/07/10 10:34:14.047,728,0081f986057c,-58
2025/07/10 10:34:14.047,728,0081f98602f6,-58
2025/07/10 10:34:14.047,728,0081f98608fc,-52
2025/07/10 10:34:14.047,728,0081f9860866,-50
2025/07/10 10:34:41.429,729,0081f9860662,-87
2025/07/10 10:34:41.429,729,0081f98608fc,-66
2025/07/10 10:34:41.429,729,0081f986053f,-64
2025/07/10 10:34:41.429,729,0081f9860866,-63
2025/07/10 10:34:41.429,729,0081f98602f6,-56
2025/07/10 10:34:41.429,729,0081f986057c,-56
2025/07/10 10:34:41.429,729,0081f986083d,-53
2025/07/10 10:34:41.429,729,0081f9860356,-44
2025/07/10 10:34:55.164,727,0081f9860662,-89
2025/07/10 10:34:55.164,727,0081f986057c,-74
2025/07/10 10:34:55.164,727,0081f986053f,-67
2025/07/10 10:34:55.164,727,0081f98602f6,-64
2025/07/10 10:34:55.164,727,0081f9860866,-62
2025/07/10 10:34:55.164,727,0081f9860356,-58
2025/07/10 10:34:55.164,727,0081f986083d,-50
2025/07/10 10:34:55.164,727,0081f98608fc,-50
2025/07/10 10:34:55.990,726,0081f9860662,-79
2025/07/10 10:34:55.990,726,0081f9860866,-72
2025/07/10 10:34:55.990,726,0081f98602f6,-68
2025/07/10 10:34:55.990,726,0081f9860356,-66
2025/07/10 10:34:55.990,726,0081f986057c,-66
2025/07/10 10:34:55.990,726,0081f98608fc,-63
2025/07/10 10:34:55.990,726,0081f986083d,-60
2025/07/10 10:34:55.990,726,0081f986053f,-50
2025/07/10 10:35:15.760,730,0081f986075d,-89
2025/07/10 10:35:15.760,730,0081f9860662,-78
2025/07/10 10:35:15.760,730,0081f9860866,-75
2025/07/10 10:35:15.760,730,0081f986057c,-66
2025/07/10 10:35:15.760,730,0081f98608fc,-62
2025/07/10 10:35:15.760,730,0081f986053f,-61
2025/07/10 10:35:15.760,730,0081f98602f6,-59
2025/07/10 10:35:15.760,730,0081f986083d,-59
2025/07/10 10:35:15.760,730,0081f9860356,-53
2025/07/10 10:35:34.690,728,0081f9860662,-78
2025/07/10 10:35:34.690,728,0081f986053f,-65
2025/07/10 10:35:34.690,728,0081f9860356,-65
2025/07/10 10:35:34.690,728,0081f98608fc,-62
2025/07/10 10:35:34.690,728,0081f986057c,-58
2025/07/10 10:35:34.690,728,0081f98602f6,-57
2025/07/10 10:35:34.690,728,0081f986083d,-52
2025/07/10 10:35:34.690,728,0081f9860866,-46
2025/07/10 10:36:01.813,729,0081f9860662,-78
2025/07/10 10:36:01.813,729,0081f986053f,-66
2025/07/10 10:36:01.813,729,0081f98608fc,-64
2025/07/10 10:36:01.813,729,0081f986057c,-62
2025/07/10 10:36:01.813,729,0081f9860866,-61
2025/07/10 10:36:01.813,729,0081f98602f6,-53
2025/07/10 10:36:01.813,729,0081f986083d,-49
2025/07/10 10:36:01.813,729,0081f9860356,-45
2025/07/10 10:36:14.205,727,0081f9860662,-74
2025/07/10 10:36:14.205,727,0081f986053f,-66
2025/07/10 10:36:14.205,727,0081f9860866,-63
2025/07/10 10:36:14.205,727,0081f986083d,-62
2025/07/10 10:36:14.205,727,0081f98602f6,-62
2025/07/10 10:36:14.205,727,0081f9860356,-61
2025/07/10 10:36:14.205,727,0081f986057c,-60
2025/07/10 10:36:14.205,727,0081f98608fc,-55
2025/07/10 10:36:15.661,726,0081f9860662,-89
2025/07/10 10:36:15.661,726,0081f9860866,-69
2025/07/10 10:36:15.661,726,0081f98602f6,-66
2025/07/10 10:36:15.661,726,0081f9860356,-65
2025/07/10 10:36:15.661,726,0081f986083d,-63
2025/07/10 10:36:15.661,726,0081f986057c,-62
2025/07/10 10:36:15.661,726,0081f986053f,-60
2025/07/10 10:36:15.661,726,0081f98608fc,-59
2025/07/10 10:36:36.266,730,0081f9860662,-72
2025/07/10 10:36:36.266,730,0081f98602f6,-70
2025/07/10 10:36:36.266,730,0081f986057c,-62
2025/07/10 10:36:36.266,730,0081f98608fc,-60
2025/07/10 10:36:36.266,730,0081f9860356,-60
2025/07/10 10:36:36.266,730,0081f986083d,-59
2025/07/10 10:36:36.266,730,0081f9860866,-55
2025/07/10 10:36:36.266,730,0081f986053f,-50
2025/07/10 10:36:54.850,728,0081f9860662,-81
2025/07/10 10:36:54.850,728,0081f986053f,-69
2025/07/10 10:36:54.850,728,0081f98602f6,-65
2025/07/10 10:36:54.850,728,0081f9860356,-60
2025/07/10 10:36:54.850,728,0081f986083d,-60
2025/07/10 10:36:54.850,728,0081f986057c,-58
2025/07/10 10:36:54.850,728,0081f98608fc,-53
2025/07/10 10:36:54.850,728,0081f9860866,-51
2025/07/10 10:37:22.219,729,0081f9860662,-72
2025/07/10 10:37:22.219,729,0081f986057c,-65
2025/07/10 10:37:22.219,729,0081f9860866,-62
2025/07/10 10:37:22.219,729,0081f98608fc,-61
2025/07/10 10:37:22.219,729,0081f986053f,-56
2025/07/10 10:37:22.219,729,0081f98602f6,-54
2025/07/10 10:37:22.219,729,0081f9860356,-53
2025/07/10 10:37:22.219,729,0081f986083d,-52
2025/07/10 10:37:33.309,727,0081f9860662,-70
2025/07/10 10:37:33.309,727,0081f986053f,-66
2025/07/10 10:37:33.309,727,0081f9860866,-62
2025/07/10 10:37:33.309,727,0081f98602f6,-62
2025/07/10 10:37:33.309,727,0081f986057c,-59
2025/07/10 10:37:33.309,727,0081f9860356,-58
2025/07/10 10:37:33.309,727,0081f986083d,-55
2025/07/10 10:37:33.309,727,0081f98608fc,-51
2025/07/10 10:37:35.458,726,0081f9860662,-80
2025/07/10 10:37:35.458,726,0081f9860866,-73
2025/07/10 10:37:35.458,726,0081f986057c,-67
2025/07/10 10:37:35.458,726,0081f98608fc,-66
2025/07/10 10:37:35.458,726,0081f9860356,-66
2025/07/10 10:37:35.458,726,0081f98602f6,-66
2025/07/10 10:37:35.458,726,0081f986083d,-60
2025/07/10 10:37:35.458,726,0081f986053f,-52
2025/07/10 10:37:56.867,730,0081f986075d,-86
2025/07/10 10:37:56.867,730,0081f9860662,-75
2025/07/10 10:37:56.867,730,0081f98608fc,-74
2025/07/10 10:37:56.867,730,0081f986083d,-64
2025/07/10 10:37:56.867,730,0081f9860866,-63
2025/07/10 10:37:56.867,730,0081f986057c,-62
2025/07/10 10:37:56.867,730,0081f9860356,-59
2025/07/10 10:37:56.867,730,0081f98602f6,-59
2025/07/10 10:37:56.867,730,0081f986053f,-50
2025/07/10 10:38:15.053,728,0081f9860662,-72
2025/07/10 10:38:15.053,728,0081f986053f,-65
2025/07/10 10:38:15.053,728,0081f98608fc,-62
2025/07/10 10:38:15.053,728,0081f9860356,-56
2025/07/10 10:38:15.053,728,0081f986057c,-55
2025/07/10 10:38:15.053,728,0081f98602f6,-53
2025/07/10 10:38:15.053,728,0081f986083d,-53
2025/07/10 10:38:15.053,728,0081f9860866,-45
2025/07/10 10:38:42.619,729,0081f9860356,-86
2025/07/10 10:38:42.619,729,0081f9860662,-81
2025/07/10 10:38:42.619,729,0081f98608fc,-65
2025/07/10 10:38:42.619,729,0081f9860866,-64
2025/07/10 10:38:42.619,729,0081f986053f,-62
2025/07/10 10:38:42.619,729,0081f98602f6,-58
2025/07/10 10:38:42.619,729,0081f986083d,-56
2025/07/10 10:38:42.619,729,0081f986057c,-55
2025/07/10 10:38:52.313,727,0081f986057c,-75
2025/07/10 10:38:52.313,727,0081f9860662,-70
2025/07/10 10:38:52.313,727,0081f9860866,-67
2025/07/10 10:38:52.313,727,0081f986053f,-63
2025/07/10 10:38:52.313,727,0081f98602f6,-62
2025/07/10 10:38:52.313,727,0081f98608fc,-53
2025/07/10 10:38:52.313,727,0081f986083d,-51
2025/07/10 10:38:55.162,726,0081f9860662,-93
2025/07/10 10:38:55.162,726,0081f986075d,-89
2025/07/10 10:38:55.162,726,0081f9860866,-70
2025/07/10 10:38:55.162,726,0081f986057c,-68
2025/07/10 10:38:55.162,726,0081f986083d,-64
2025/07/10 10:38:55.162,726,0081f98602f6,-64
2025/07/10 10:38:55.162,726,0081f98608fc,-61
2025/07/10 10:38:55.162,726,0081f986053f,-59
2025/07/10 10:39:17.362,730,0081f9860356,-88
2025/07/10 10:39:17.362,730,0081f9860662,-77
2025/07/10 10:39:17.362,730,0081f986057c,-69
2025/07/10 10:39:17.362,730,0081f98608fc,-60
2025/07/10 10:39:17.362,730,0081f986083d,-60
2025/07/10 10:39:17.362,730,0081f986053f,-57
2025/07/10 10:39:17.362,730,0081f9860866,-55
2025/07/10 10:39:17.362,730,0081f98602f6,-55
2025/07/10 10:39:35.397,728,0081f9860662,-79
2025/07/10 10:39:35.397,728,0081f986053f,-68
2025/07/10 10:39:35.397,728,0081f98602f6,-66
2025/07/10 10:39:35.397,728,0081f986057c,-59
2025/07/10 10:39:35.397,728,0081f986083d,-55
2025/07/10 10:39:35.397,728,0081f98608fc,-53
2025/07/10 10:39:35.397,728,0081f9860866,-51
2025/07/10 10:40:03.143,729,0081f9860662,-72
2025/07/10 10:40:03.143,729,0081f98608fc,-61
2025/07/10 10:40:03.143,729,0081f9860866,-61
2025/07/10 10:40:03.143,729,0081f986057c,-60
2025/07/10 10:40:03.143,729,0081f986053f,-55
2025/07/10 10:40:03.143,729,0081f98602f6,-54
2025/07/10 10:40:03.143,729,0081f986083d,-51
2025/07/10 10:40:11.463,727,0081f9860356,-84
2025/07/10 10:40:11.463,727,0081f9860662,-83
2025/07/10 10:40:11.463,727,0081f9860866,-72
2025/07/10 10:40:11.463,727,0081f986053f,-64
2025/07/10 10:40:11.463,727,0081f98602f6,-63
2025/07/10 10:40:11.463,727,0081f986057c,-60
2025/07/10 10:40:11.463,727,0081f98608fc,-56
2025/07/10 10:40:11.463,727,0081f986083d,-51
2025/07/10 10:40:14.933,726,0081f9860356,-82
2025/07/10 10:40:14.933,726,0081f98602f6,-81
2025/07/10 10:40:14.933,726,0081f9860662,-79
2025/07/10 10:40:14.933,726,0081f9860866,-71
2025/07/10 10:40:14.933,726,0081f98608fc,-68
2025/07/10 10:40:14.933,726,0081f986083d,-65
2025/07/10 10:40:14.933,726,0081f986057c,-65
2025/07/10 10:40:14.933,726,0081f986053f,-52
2025/07/10 10:40:37.946,730,0081f9860662,-75
2025/07/10 10:40:37.946,730,0081f98602f6,-74
2025/07/10 10:40:37.946,730,0081f9860866,-66
2025/07/10 10:40:37.946,730,0081f986057c,-64
2025/07/10 10:40:37.946,730,0081f98608fc,-62
2025/07/10 10:40:37.946,730,0081f9860356,-61
2025/07/10 10:40:37.946,730,0081f986083d,-59
2025/07/10 10:40:37.946,730,0081f986053f,-51
2025/07/10 10:40:56.041,728,0081f9860662,-78
2025/07/10 10:40:56.041,728,0081f986053f,-63
2025/07/10 10:40:56.041,728,0081f986057c,-59
2025/07/10 10:40:56.041,728,0081f98602f6,-58
2025/07/10 10:40:56.041,728,0081f98608fc,-58
2025/07/10 10:40:56.041,728,0081f9860356,-56
2025/07/10 10:40:56.041,728,0081f9860866,-55
2025/07/10 10:40:56.041,728,0081f986083d,-53
2025/07/10 10:41:23.364,729,0081f9860662,-81
2025/07/10 10:41:23.364,729,0081f986053f,-63
2025/07/10 10:41:23.364,729,0081f9860866,-60
2025/07/10 10:41:23.364,729,0081f986057c,-60
2025/07/10 10:41:23.364,729,0081f98608fc,-58
2025/07/10 10:41:23.364,729,0081f98602f6,-57
2025/07/10 10:41:23.364,729,0081f9860356,-55
2025/07/10 10:41:23.364,729,0081f986083d,-54
2025/07/10 10:41:30.607,727,0081f9860662,-77
2025/07/10 10:41:30.607,727,0081f9860356,-75
2025/07/10 10:41:30.607,727,0081f986083d,-65
2025/07/10 10:41:30.607,727,0081f986053f,-65
2025/07/10 10:41:30.607,727,0081f98602f6,-63
2025/07/10 10:41:30.607,727,0081f986057c,-60
2025/07/10 10:41:30.607,727,0081f9860866,-60
2025/07/10 10:41:30.607,727,0081f98608fc,-52
2025/07/10 10:41:34.845,726,0081f986075d,-90
2025/07/10 10:41:34.845,726,0081f9860662,-83
2025/07/10 10:41:34.845,726,0081f9860866,-73
2025/07/10 10:41:34.845,726,0081f9860356,-70
2025/07/10 10:41:34.845,726,0081f98608fc,-69
2025/07/10 10:41:34.845,726,0081f986057c,-68
2025/07/10 10:41:34.845,726,0081f98602f6,-66
2025/07/10 10:41:34.845,726,0081f986083d,-63
2025/07/10 10:41:34.845,726,0081f986053f,-57
2025/07/10 10:41:58.405,730,0081f9860662,-76
2025/07/10 10:41:58.405,730,0081f98608fc,-67
2025/07/10 10:41:58.405,730,0081f9860356,-66
2025/07/10 10:41:58.405,730,0081f9860866,-65
2025/07/10 10:41:58.405,730,0081f986057c,-63
2025/07/10 10:41:58.405,730,0081f986083d,-62
2025/07/10 10:41:58.405,730,0081f98602f6,-57
2025/07/10 10:41:58.405,730,0081f986053f,-50
2025/07/10 10:42:21.163,728,0081f986053f,-79
2025/07/10 10:42:21.163,728,0081f9860662,-79
2025/07/10 10:42:21.163,728,0081f98608fc,-60
2025/07/10 10:42:21.163,728,0081f9860356,-59
2025/07/10 10:42:21.163,728,0081f98602f6,-58
2025/07/10 10:42:21.163,728,0081f986083d,-57
2025/07/10 10:42:21.163,728,0081f986057c,-56
2025/07/10 10:42:21.163,728,0081f9860866,-51
2025/07/10 10:42:43.749,729,0081f9860662,-79
2025/07/10 10:42:43.749,729,0081f986053f,-73
2025/07/10 10:42:43.749,729,0081f986057c,-68
2025/07/10 10:42:43.749,729,0081f98608fc,-65
2025/07/10 10:42:43.749,729,0081f9860866,-61
2025/07/10 10:42:43.749,729,0081f9860356,-60
2025/07/10 10:42:43.749,729,0081f98602f6,-55
2025/07/10 10:42:43.749,729,0081f986083d,-49
2025/07/10 10:42:49.763,727,0081f9860662,-73
2025/07/10 10:42:49.763,727,0081f986057c,-69
2025/07/10 10:42:49.763,727,0081f986053f,-68
2025/07/10 10:42:49.763,727,0081f9860866,-68
2025/07/10 10:42:49.763,727,0081f98602f6,-62
2025/07/10 10:42:49.763,727,0081f9860356,-62
2025/07/10 10:42:49.763,727,0081f98608fc,-56
2025/07/10 10:42:49.763,727,0081f986083d,-55
2025/07/10 10:42:54.826,726,0081f986075d,-89
2025/07/10 10:42:54.826,726,0081f9860662,-86
2025/07/10 10:42:54.826,726,0081f9860866,-74
2025/07/10 10:42:54.826,726,0081f986083d,-68
2025/07/10 10:42:54.826,726,0081f986057c,-67
2025/07/10 10:42:54.826,726,0081f98602f6,-66
2025/07/10 10:42:54.826,726,0081f9860356,-65
2025/07/10 10:42:54.826,726,0081f98608fc,-64
2025/07/10 10:42:54.826,726,0081f986053f,-61
2025/07/10 10:43:19.069,730,0081f986075d,-89
2025/07/10 10:43:19.069,730,0081f9860662,-82
2025/07/10 10:43:19.069,730,0081f9860866,-67
2025/07/10 10:43:19.069,730,0081f98608fc,-67
2025/07/10 10:43:19.069,730,0081f986057c,-65
2025/07/10 10:43:19.069,730,0081f9860356,-63
2025/07/10 10:43:19.069,730,0081f986083d,-62
2025/07/10 10:43:19.069,730,0081f98602f6,-59
2025/07/10 10:43:19.069,730,0081f986053f,-50
2025/07/10 10:43:36.684,728,0081f9860662,-79
2025/07/10 10:43:36.684,728,0081f98608fc,-65
2025/07/10 10:43:36.684,728,0081f986053f,-63
2025/07/10 10:43:36.684,728,0081f9860356,-55
2025/07/10 10:43:36.684,728,0081f98602f6,-55
2025/07/10 10:43:36.684,728,0081f986057c,-54
2025/07/10 10:43:36.684,728,0081f986083d,-51
2025/07/10 10:43:36.684,728,0081f9860866,-44
2025/07/10 10:44:04.318,729,0081f9860662,-78
2025/07/10 10:44:04.318,729,0081f9860866,-67
2025/07/10 10:44:04.318,729,0081f98608fc,-66
2025/07/10 10:44:04.318,729,0081f98602f6,-57
2025/07/10 10:44:04.318,729,0081f986053f,-55
2025/07/10 10:44:04.318,729,0081f986057c,-54
2025/07/10 10:44:04.318,729,0081f986083d,-52
2025/07/10 10:44:04.318,729,0081f9860356,-45
2025/07/10 10:44:08.963,727,0081f9860866,-75
2025/07/10 10:44:08.963,727,0081f9860662,-69
2025/07/10 10:44:08.963,727,0081f986053f,-64
2025/07/10 10:44:08.963,727,0081f986083d,-64
2025/07/10 10:44:08.963,727,0081f98602f6,-63
2025/07/10 10:44:08.963,727,0081f9860356,-59
2025/07/10 10:44:08.963,727,0081f986057c,-58
2025/07/10 10:44:08.963,727,0081f98608fc,-46
2025/07/10 10:44:14.861,726,0081f986075d,-90
2025/07/10 10:44:14.861,726,0081f9860662,-86
2025/07/10 10:44:14.861,726,0081f9860866,-71
2025/07/10 10:44:14.861,726,0081f986057c,-68
2025/07/10 10:44:14.861,726,0081f9860356,-67
2025/07/10 10:44:14.861,726,0081f98602f6,-66
2025/07/10 10:44:14.861,726,0081f98608fc,-65
2025/07/10 10:44:14.861,726,0081f986083d,-63
2025/07/10 10:44:14.861,726,0081f986053f,-59
2025/07/10 10:44:39.766,730,0081f9860662,-74
2025/07/10 10:44:39.766,730,0081f98602f6,-71
2025/07/10 10:44:39.766,730,0081f986057c,-66
2025/07/10 10:44:39.766,730,0081f98608fc,-64
2025/07/10 10:44:39.766,730,0081f9860356,-64
2025/07/10 10:44:39.766,730,0081f986083d,-63
2025/07/10 10:44:39.766,730,0081f986053f,-58
2025/07/10 10:44:39.766,730,0081f9860866,-53
2025/07/10 10:44:57.123,728,0081f9860662,-82
2025/07/10 10:44:57.123,728,0081f98602f6,-65
2025/07/10 10:44:57.123,728,0081f986053f,-64
2025/07/10 10:44:57.123,728,0081f9860356,-57
2025/07/10 10:44:57.123,728,0081f986057c,-54
2025/07/10 10:44:57.123,728,0081f98608fc,-53
2025/07/10 10:44:57.123,728,0081f986083d,-53
2025/07/10 10:44:57.123,728,0081f9860866,-53
2025/07/10 10:45:24.544,729,0081f9860662,-77
2025/07/10 10:45:24.544,729,0081f986053f,-74
2025/07/10 10:45:24.544,729,0081f98608fc,-63
2025/07/10 10:45:24.544,729,0081f986057c,-62
2025/07/10 10:45:24.544,729,0081f9860356,-60
2025/07/10 10:45:24.544,729,0081f9860866,-57
2025/07/10 10:45:24.544,729,0081f98602f6,-54
2025/07/10 10:45:24.544,729,0081f986083d,-46
2025/07/10 10:45:28.061,727,0081f9860662,-73
2025/07/10 10:45:28.061,727,0081f986053f,-70
2025/07/10 10:45:28.061,727,0081f9860356,-66
2025/07/10 10:45:28.061,727,0081f98602f6,-65
2025/07/10 10:45:28.061,727,0081f986057c,-59
2025/07/10 10:45:28.061,727,0081f9860866,-59
2025/07/10 10:45:28.061,727,0081f98608fc,-58
2025/07/10 10:45:28.061,727,0081f986083d,-53
2025/07/10 10:45:34.731,726,0081f986075d,-90
2025/07/10 10:45:34.731,726,0081f9860662,-84
2025/07/10 10:45:34.731,726,0081f9860356,-70
2025/07/10 10:45:34.731,726,0081f9860866,-70
2025/07/10 10:45:34.731,726,0081f98602f6,-67
2025/07/10 10:45:34.731,726,0081f98608fc,-67
2025/07/10 10:45:34.731,726,0081f986083d,-63
2025/07/10 10:45:34.731,726,0081f986057c,-62
2025/07/10 10:45:34.731,726,0081f986053f,-59
2025/07/10 10:45:59.893,730,0081f98608fc,-78
2025/07/10 10:45:59.893,730,0081f9860662,-72
2025/07/10 10:45:59.893,730,0081f986057c,-67
2025/07/10 10:45:59.893,730,0081f9860356,-65
2025/07/10 10:45:59.893,730,0081f9860866,-64
2025/07/10 10:45:59.893,730,0081f986083d,-60
2025/07/10 10:45:59.893,730,0081f98602f6,-55
2025/07/10 10:45:59.893,730,0081f986053f,-51
2025/07/10 10:46:17.458,728,0081f9860662,-83
2025/07/10 10:46:17.458,728,0081f986053f,-74
2025/07/10 10:46:17.458,728,0081f98608fc,-61
2025/07/10 10:46:17.458,728,0081f986083d,-60
2025/07/10 10:46:17.458,728,0081f9860356,-60
2025/07/10 10:46:17.458,728,0081f98602f6,-58
2025/07/10 10:46:17.458,728,0081f986057c,-55
2025/07/10 10:46:17.458,728,0081f9860866,-51
2025/07/10 10:46:45.151,729,0081f9860662,-80
2025/07/10 10:46:45.151,729,0081f98608fc,-67
2025/07/10 10:46:45.151,729,0081f986057c,-64
2025/07/10 10:46:45.151,729,0081f9860866,-61
2025/07/10 10:46:45.151,729,0081f9860356,-59
2025/07/10 10:46:45.151,729,0081f986053f,-55
2025/07/10 10:46:45.151,729,0081f986083d,-54
2025/07/10 10:46:45.151,729,0081f98602f6,-50
2025/07/10 10:46:47.186,727,0081f9860356,-74
2025/07/10 10:46:47.186,727,0081f9860866,-73
2025/07/10 10:46:47.186,727,0081f9860662,-70
2025/07/10 10:46:47.186,727,0081f98602f6,-63
2025/07/10 10:46:47.186,727,0081f986053f,-63
2025/07/10 10:46:47.186,727,0081f986057c,-58
2025/07/10 10:46:47.186,727,0081f98608fc,-54
2025/07/10 10:46:47.186,727,0081f986083d,-52
2025/07/10 10:46:54.648,726,0081f986075d,-90
2025/07/10 10:46:54.648,726,0081f9860662,-85
2025/07/10 10:46:54.648,726,0081f9860866,-74
2025/07/10 10:46:54.648,726,0081f98608fc,-72
2025/07/10 10:46:54.648,726,0081f9860356,-68
2025/07/10 10:46:54.648,726,0081f98602f6,-67
2025/07/10 10:46:54.648,726,0081f986083d,-64
2025/07/10 10:46:54.648,726,0081f986057c,-62
2025/07/10 10:46:54.648,726,0081f986053f,-59
2025/07/10 10:47:20.708,730,0081f986075d,-88
2025/07/10 10:47:20.708,730,0081f9860662,-72
2025/07/10 10:47:20.708,730,0081f98608fc,-69
2025/07/10 10:47:20.708,730,0081f986083d,-63
2025/07/10 10:47:20.708,730,0081f9860866,-62
2025/07/10 10:47:20.708,730,0081f986057c,-60
2025/07/10 10:47:20.708,730,0081f9860356,-58
2025/07/10 10:47:20.708,730,0081f98602f6,-56
2025/07/10 10:47:20.708,730,0081f986053f,-51
2025/07/10 10:47:37.941,728,0081f9860662,-70
2025/07/10 10:47:37.941,728,0081f986053f,-65
2025/07/10 10:47:37.941,728,0081f986083d,-64
2025/07/10 10:47:37.941,728,0081f98608fc,-62
2025/07/10 10:47:37.941,728,0081f9860356,-58
2025/07/10 10:47:37.941,728,0081f98602f6,-57
2025/07/10 10:47:37.941,728,0081f986057c,-54
2025/07/10 10:47:37.941,728,0081f9860866,-46
2025/07/10 10:48:05.470,729,0081f9860866,-67
2025/07/10 10:48:05.470,729,0081f9860662,-66
2025/07/10 10:48:05.470,729,0081f986053f,-62
2025/07/10 10:48:05.470,729,0081f98608fc,-61
2025/07/10 10:48:05.470,729,0081f98602f6,-58
2025/07/10 10:48:05.470,729,0081f986083d,-55
2025/07/10 10:48:05.470,729,0081f9860356,-55
2025/07/10 10:48:05.470,729,0081f986057c,-55
2025/07/10 10:48:06.450,727,0081f9860662,-70
2025/07/10 10:48:06.450,727,0081f98602f6,-68
2025/07/10 10:48:06.450,727,0081f986053f,-66
2025/07/10 10:48:06.450,727,0081f9860356,-62
2025/07/10 10:48:06.450,727,0081f9860866,-60
2025/07/10 10:48:06.450,727,0081f986083d,-59
2025/07/10 10:48:06.450,727,0081f986057c,-59
2025/07/10 10:48:06.450,727,0081f98608fc,-53
2025/07/10 10:48:14.523,726,0081f986075d,-90
2025/07/10 10:48:14.523,726,0081f9860662,-75
2025/07/10 10:48:14.523,726,0081f98608fc,-72
2025/07/10 10:48:14.523,726,0081f9860866,-71
2025/07/10 10:48:14.523,726,0081f9860356,-69
2025/07/10 10:48:14.523,726,0081f98602f6,-67
2025/07/10 10:48:14.523,726,0081f986083d,-65
2025/07/10 10:48:14.523,726,0081f986057c,-62
2025/07/10 10:48:14.523,726,0081f986053f,-58
2025/07/10 10:48:41.056,730,0081f98602f6,-72
2025/07/10 10:48:41.056,730,0081f9860662,-70
2025/07/10 10:48:41.056,730,0081f986057c,-64
2025/07/10 10:48:41.056,730,0081f98608fc,-64
2025/07/10 10:48:41.056,730,0081f9860356,-64
2025/07/10 10:48:41.056,730,0081f986053f,-58
2025/07/10 10:48:41.056,730,0081f986083d,-56
2025/07/10 10:48:41.056,730,0081f9860866,-56
2025/07/10 10:48:58.374,728,0081f9860662,-77
2025/07/10 10:48:58.374,728,0081f986053f,-64
2025/07/10 10:48:58.374,728,0081f98608fc,-62
2025/07/10 10:48:58.374,728,0081f9860356,-59
2025/07/10 10:48:58.374,728,0081f98602f6,-58
2025/07/10 10:48:58.374,728,0081f9860866,-54
2025/07/10 10:48:58.374,728,0081f986057c,-54
2025/07/10 10:48:58.374,728,0081f986083d,-53
2025/07/10 10:49:25.478,727,0081f9860866,-65
2025/07/10 10:49:25.478,727,0081f9860356,-64
2025/07/10 10:49:25.478,727,0081f98602f6,-62
2025/07/10 10:49:25.478,727,0081f986053f,-61
2025/07/10 10:49:25.478,727,0081f986057c,-59
2025/07/10 10:49:25.478,727,0081f98608fc,-56
2025/07/10 10:49:25.478,727,0081f986083d,-52
2025/07/10 10:49:34.468,726,0081f986075d,-91
2025/07/10 10:49:34.468,726,0081f9860662,-88
2025/07/10 10:49:34.468,726,0081f9860356,-71
2025/07/10 10:49:34.468,726,0081f9860866,-70
2025/07/10 10:49:34.468,726,0081f98608fc,-67
2025/07/10 10:49:34.468,726,0081f98602f6,-67
2025/07/10 10:49:34.468,726,0081f986083d,-65
2025/07/10 10:49:34.468,726,0081f986057c,-62
2025/07/10 10:49:34.468,726,0081f986053f,-59
2025/07/10 10:50:01.664,730,0081f98602f6,-75
2025/07/10 10:50:01.664,730,0081f98608fc,-69
2025/07/10 10:50:01.664,730,0081f9860356,-68
2025/07/10 10:50:01.664,730,0081f986057c,-66
2025/07/10 10:50:01.664,730,0081f986083d,-64
2025/07/10 10:50:01.664,730,0081f986053f,-58
2025/07/10 10:50:01.664,730,0081f9860866,-56
2025/07/10 10:50:18.904,728,0081f98602f6,-68
2025/07/10 10:50:18.904,728,0081f986053f,-64
2025/07/10 10:50:18.904,728,0081f98608fc,-62
2025/07/10 10:50:18.904,728,0081f986083d,-61
2025/07/10 10:50:18.904,728,0081f9860356,-57
2025/07/10 10:50:18.904,728,0081f986057c,-56
2025/07/10 10:50:18.904,728,0081f9860866,-51
2025/07/10 10:50:44.725,727,0081f9860662,-77
2025/07/10 10:50:44.725,727,0081f98602f6,-71
2025/07/10 10:50:44.725,727,0081f9860356,-69
2025/07/10 10:50:44.725,727,0081f986053f,-67
2025/07/10 10:50:44.725,727,0081f986083d,-64
2025/07/10 10:50:44.725,727,0081f9860866,-59
2025/07/10 10:50:44.725,727,0081f986057c,-59
2025/07/10 10:50:44.725,727,0081f98608fc,-54
2025/07/10 10:50:46.264,729,0081f9860662,-73
2025/07/10 10:50:46.264,729,0081f9860866,-66
2025/07/10 10:50:46.264,729,0081f986057c,-65
2025/07/10 10:50:46.264,729,0081f986053f,-62
2025/07/10 10:50:46.264,729,0081f98608fc,-61
2025/07/10 10:50:46.264,729,0081f986083d,-58
2025/07/10 10:50:46.264,729,0081f98602f6,-56
2025/07/10 10:50:46.264,729,0081f9860356,-47
2025/07/10 10:50:54.735,726,0081f986075d,-87
2025/07/10 10:50:54.735,726,0081f9860866,-73
2025/07/10 10:50:54.735,726,0081f98608fc,-66
2025/07/10 10:50:54.735,726,0081f98602f6,-65
2025/07/10 10:50:54.735,726,0081f9860356,-64
2025/07/10 10:50:54.735,726,0081f986083d,-64
2025/07/10 10:50:54.735,726,0081f9860662,-62
2025/07/10 10:50:54.735,726,0081f986057c,-61
2025/07/10 10:50:54.735,726,0081f986053f,-58
2025/07/10 10:51:22.070,730,0081f986075d,-88
2025/07/10 10:51:22.070,730,0081f9860662,-72
2025/07/10 10:51:22.070,730,0081f9860356,-67
2025/07/10 10:51:22.070,730,0081f9860866,-64
2025/07/10 10:51:22.070,730,0081f986083d,-63
2025/07/10 10:51:22.070,730,0081f986057c,-61
2025/07/10 10:51:22.070,730,0081f98608fc,-56
2025/07/10 10:51:22.070,730,0081f98602f6,-53
2025/07/10 10:51:22.070,730,0081f986053f,-50
2025/07/10 10:51:39.293,728,0081f9860662,-82
2025/07/10 10:51:39.293,728,0081f98608fc,-82
2025/07/10 10:51:39.293,728,0081f986053f,-66
2025/07/10 10:51:39.293,728,0081f986083d,-59
2025/07/10 10:51:39.293,728,0081f98602f6,-58
2025/07/10 10:51:39.293,728,0081f986057c,-56
2025/07/10 10:51:39.293,728,0081f9860356,-56
2025/07/10 10:51:39.293,728,0081f9860866,-46
2025/07/10 10:52:03.898,727,0081f9860356,-75
2025/07/10 10:52:03.898,727,0081f9860662,-74
2025/07/10 10:52:03.898,727,0081f9860866,-69
2025/07/10 10:52:03.898,727,0081f98602f6,-64
2025/07/10 10:52:03.898,727,0081f986053f,-61
2025/07/10 10:52:03.898,727,0081f986057c,-57
2025/07/10 10:52:03.898,727,0081f986083d,-51
2025/07/10 10:52:06.557,729,0081f9860662,-74
2025/07/10 10:52:06.557,729,0081f9860866,-65
2025/07/10 10:52:06.557,729,0081f986053f,-64
2025/07/10 10:52:06.557,729,0081f98602f6,-58
2025/07/10 10:52:06.557,729,0081f9860356,-56
2025/07/10 10:52:06.557,729,0081f986057c,-54
2025/07/10 10:52:06.557,729,0081f986083d,-53
2025/07/10 10:52:14.321,726,0081f986075d,-90
2025/07/10 10:52:14.321,726,0081f98608fc,-89
2025/07/10 10:52:14.321,726,0081f9860662,-84
2025/07/10 10:52:14.321,726,0081f9860866,-71
2025/07/10 10:52:14.321,726,0081f986057c,-69
2025/07/10 10:52:14.321,726,0081f98602f6,-67
2025/07/10 10:52:14.321,726,0081f9860356,-66
2025/07/10 10:52:14.321,726,0081f986083d,-63
2025/07/10 10:52:14.321,726,0081f986053f,-58
2025/07/10 10:52:42.758,730,0081f98608fc,-88
2025/07/10 10:52:42.758,730,0081f98602f6,-77
2025/07/10 10:52:42.758,730,0081f9860662,-76
2025/07/10 10:52:42.758,730,0081f986057c,-65
2025/07/10 10:52:42.758,730,0081f986083d,-61
2025/07/10 10:52:42.758,730,0081f9860356,-60
2025/07/10 10:52:42.758,730,0081f9860866,-53
2025/07/10 10:52:42.758,730,0081f986053f,-51
2025/07/10 10:52:59.624,728,0081f98602f6,-69
2025/07/10 10:52:59.624,728,0081f9860662,-67
2025/07/10 10:52:59.624,728,0081f986053f,-65
2025/07/10 10:52:59.624,728,0081f986083d,-64
2025/07/10 10:52:59.624,728,0081f9860356,-58
2025/07/10 10:52:59.624,728,0081f9860866,-54
2025/07/10 10:52:59.624,728,0081f986057c,-51
2025/07/10 10:53:23.210,727,0081f98608fc,-80
2025/07/10 10:53:23.210,727,0081f9860662,-70
2025/07/10 10:53:23.210,727,0081f98602f6,-68
2025/07/10 10:53:23.210,727,0081f986053f,-66
2025/07/10 10:53:23.210,727,0081f9860356,-65
2025/07/10 10:53:23.210,727,0081f9860866,-62
2025/07/10 10:53:23.210,727,0081f986057c,-60
2025/07/10 10:53:23.210,727,0081f986083d,-54
2025/07/10 10:53:27.011,729,0081f98608fc,-82
2025/07/10 10:53:27.011,729,0081f9860662,-69
2025/07/10 10:53:27.011,729,0081f986057c,-66
2025/07/10 10:53:27.011,729,0081f9860866,-61
2025/07/10 10:53:27.011,729,0081f986083d,-58
2025/07/10 10:53:27.011,729,0081f986053f,-57
2025/07/10 10:53:27.011,729,0081f98602f6,-52
2025/07/10 10:53:27.011,729,0081f9860356,-50
2025/07/10 10:53:34.171,726,0081f9860662,-79
2025/07/10 10:53:34.171,726,0081f9860866,-78
2025/07/10 10:53:34.171,726,0081f98602f6,-68
2025/07/10 10:53:34.171,726,0081f9860356,-66
2025/07/10 10:53:34.171,726,0081f986057c,-63
2025/07/10 10:53:34.171,726,0081f986083d,-63
2025/07/10 10:53:34.171,726,0081f986053f,-59
2025/07/10 10:53:34.171,726,0081f98608fc,-56
2025/07/10 10:54:03.247,730,0081f986075d,-89
2025/07/10 10:54:03.247,730,0081f98608fc,-86
2025/07/10 10:54:03.247,730,0081f98602f6,-73
2025/07/10 10:54:03.247,730,0081f9860662,-68
2025/07/10 10:54:03.247,730,0081f986057c,-66
2025/07/10 10:54:03.247,730,0081f9860356,-58
2025/07/10 10:54:03.247,730,0081f986083d,-56
2025/07/10 10:54:03.247,730,0081f9860866,-56
2025/07/10 10:54:03.247,730,0081f986053f,-50
2025/07/10 10:54:19.948,728,0081f98608fc,-80
2025/07/10 10:54:19.948,728,0081f9860662,-76
2025/07/10 10:54:19.948,728,0081f986053f,-64
2025/07/10 10:54:19.948,728,0081f98602f6,-60
2025/07/10 10:54:19.948,728,0081f986057c,-56
2025/07/10 10:54:19.948,728,0081f9860356,-55
2025/07/10 10:54:19.948,728,0081f986083d,-54
2025/07/10 10:54:19.948,728,0081f9860866,-46
2025/07/10 10:54:42.251,727,0081f986053f,-73
2025/07/10 10:54:42.251,727,0081f9860866,-71
2025/07/10 10:54:42.251,727,0081f9860662,-70
2025/07/10 10:54:42.251,727,0081f9860356,-63
2025/07/10 10:54:42.251,727,0081f98602f6,-59
2025/07/10 10:54:42.251,727,0081f986057c,-58
2025/07/10 10:54:42.251,727,0081f98608fc,-57
2025/07/10 10:54:42.251,727,0081f986083d,-50
2025/07/10 10:54:47.384,729,0081f9860662,-68
2025/07/10 10:54:47.384,729,0081f9860866,-65
2025/07/10 10:54:47.384,729,0081f9860356,-64
2025/07/10 10:54:47.384,729,0081f986053f,-63
2025/07/10 10:54:47.384,729,0081f98602f6,-56
2025/07/10 10:54:47.384,729,0081f986057c,-55
2025/07/10 10:54:47.384,729,0081f98608fc,-55
2025/07/10 10:54:47.384,729,0081f986083d,-48
2025/07/10 10:54:54.102,726,0081f986075d,-94
2025/07/10 10:54:54.102,726,0081f9860662,-77
2025/07/10 10:54:54.102,726,0081f9860356,-72
2025/07/10 10:54:54.102,726,0081f98608fc,-72
2025/07/10 10:54:54.102,726,0081f9860866,-71
2025/07/10 10:54:54.102,726,0081f986057c,-67
2025/07/10 10:54:54.102,726,0081f98602f6,-66
2025/07/10 10:54:54.102,726,0081f986083d,-57
2025/07/10 10:54:54.102,726,0081f986053f,-52
2025/07/10 10:55:23.732,730,0081f9860662,-82
2025/07/10 10:55:23.732,730,0081f9860866,-78
2025/07/10 10:55:23.732,730,0081f9860356,-64
2025/07/10 10:55:23.732,730,0081f986057c,-62
2025/07/10 10:55:23.732,730,0081f98608fc,-62
2025/07/10 10:55:23.732,730,0081f986083d,-60
2025/07/10 10:55:23.732,730,0081f986053f,-57
2025/07/10 10:55:23.732,730,0081f98602f6,-56
2025/07/10 10:55:40.422,728,0081f9860662,-67
2025/07/10 10:55:40.422,728,0081f98602f6,-67
2025/07/10 10:55:40.422,728,0081f986053f,-64
2025/07/10 10:55:40.422,728,0081f9860356,-64
2025/07/10 10:55:40.422,728,0081f98608fc,-62
2025/07/10 10:55:40.422,728,0081f986057c,-56
2025/07/10 10:55:40.422,728,0081f9860866,-55
2025/07/10 10:55:40.422,728,0081f986083d,-53
2025/07/10 10:56:01.472,727,0081f9860662,-75
2025/07/10 10:56:01.472,727,0081f9860356,-74
2025/07/10 10:56:01.472,727,0081f986053f,-65
2025/07/10 10:56:01.472,727,0081f98602f6,-63
2025/07/10 10:56:01.472,727,0081f986057c,-63
2025/07/10 10:56:01.472,727,0081f9860866,-62
2025/07/10 10:56:01.472,727,0081f986083d,-55
2025/07/10 10:56:01.472,727,0081f98608fc,-50
2025/07/10 10:56:07.824,729,0081f9860662,-69
2025/07/10 10:56:07.824,729,0081f986053f,-67
2025/07/10 10:56:07.824,729,0081f9860866,-60
2025/07/10 10:56:07.824,729,0081f986057c,-55
2025/07/10 10:56:07.824,729,0081f98608fc,-54
2025/07/10 10:56:07.824,729,0081f98602f6,-54
2025/07/10 10:56:07.824,729,0081f9860356,-53
2025/07/10 10:56:07.824,729,0081f986083d,-46
2025/07/10 10:56:13.825,726,0081f9860662,-80
2025/07/10 10:56:13.825,726,0081f9860866,-71
2025/07/10 10:56:13.825,726,0081f9860356,-69
2025/07/10 10:56:13.825,726,0081f98602f6,-67
2025/07/10 10:56:13.825,726,0081f986053f,-63
2025/07/10 10:56:13.825,726,0081f986057c,-62
2025/07/10 10:56:13.825,726,0081f98608fc,-61
2025/07/10 10:56:13.825,726,0081f986083d,-60
2025/07/10 10:56:44.325,730,0081f9860866,-89
2025/07/10 10:56:44.325,730,0081f9860662,-87
2025/07/10 10:56:44.325,730,0081f98602f6,-70
2025/07/10 10:56:44.325,730,0081f986057c,-69
2025/07/10 10:56:44.325,730,0081f9860356,-67
2025/07/10 10:56:44.325,730,0081f98608fc,-60
2025/07/10 10:56:44.325,730,0081f986083d,-58
2025/07/10 10:56:44.325,730,0081f986053f,-58
2025/07/10 10:57:00.807,728,0081f9860662,-75
2025/07/10 10:57:00.807,728,0081f986053f,-67
2025/07/10 10:57:00.807,728,0081f9860356,-62
2025/07/10 10:57:00.807,728,0081f98602f6,-59
2025/07/10 10:57:00.807,728,0081f986083d,-58
2025/07/10 10:57:00.807,728,0081f986057c,-58
2025/07/10 10:57:00.807,728,0081f98608fc,-56
2025/07/10 10:57:00.807,728,0081f9860866,-50
2025/07/10 10:57:20.419,727,0081f986053f,-76
2025/07/10 10:57:20.419,727,0081f9860866,-70
2025/07/10 10:57:20.419,727,0081f9860662,-66
2025/07/10 10:57:20.419,727,0081f9860356,-65
2025/07/10 10:57:20.419,727,0081f986057c,-59
2025/07/10 10:57:20.419,727,0081f98602f6,-59
2025/07/10 10:57:20.419,727,0081f98608fc,-52
2025/07/10 10:57:20.419,727,0081f986083d,-52
2025/07/10 10:57:28.270,729,0081f9860662,-71
2025/07/10 10:57:28.270,729,0081f986057c,-63
2025/07/10 10:57:28.270,729,0081f98608fc,-63
2025/07/10 10:57:28.270,729,0081f9860866,-61
2025/07/10 10:57:28.270,729,0081f986083d,-58
2025/07/10 10:57:28.270,729,0081f98602f6,-56
2025/07/10 10:57:28.270,729,0081f986053f,-55
2025/07/10 10:57:28.270,729,0081f9860356,-50
2025/07/10 10:57:33.749,726,0081f986075d,-89
2025/07/10 10:57:33.749,726,0081f9860662,-81
2025/07/10 10:57:33.749,726,0081f9860866,-73
2025/07/10 10:57:33.749,726,0081f986057c,-68
2025/07/10 10:57:33.749,726,0081f98608fc,-67
2025/07/10 10:57:33.749,726,0081f9860356,-67
2025/07/10 10:57:33.749,726,0081f98602f6,-66
2025/07/10 10:57:33.749,726,0081f986083d,-63
2025/07/10 10:57:33.749,726,0081f986053f,-59
2025/07/10 10:58:04.790,730,0081f9860662,-75
2025/07/10 10:58:04.790,730,0081f98602f6,-70
2025/07/10 10:58:04.790,730,0081f986057c,-67
2025/07/10 10:58:04.790,730,0081f9860356,-66
2025/07/10 10:58:04.790,730,0081f98608fc,-57
2025/07/10 10:58:04.790,730,0081f9860866,-56
2025/07/10 10:58:04.790,730,0081f986083d,-56
2025/07/10 10:58:04.790,730,0081f986053f,-54
2025/07/10 10:58:21.172,728,0081f98602f6,-71
2025/07/10 10:58:21.172,728,0081f9860662,-70
2025/07/10 10:58:21.172,728,0081f986053f,-63
2025/07/10 10:58:21.172,728,0081f9860356,-58
2025/07/10 10:58:21.172,728,0081f98608fc,-56
2025/07/10 10:58:21.172,728,0081f9860866,-55
2025/07/10 10:58:21.172,728,0081f986083d,-54
2025/07/10 10:58:21.172,728,0081f986057c,-49
2025/07/10 10:58:39.659,727,0081f9860662,-70
2025/07/10 10:58:39.659,727,0081f9860866,-68
2025/07/10 10:58:39.659,727,0081f9860356,-66
2025/07/10 10:58:39.659,727,0081f98602f6,-62
2025/07/10 10:58:39.659,727,0081f986053f,-62
2025/07/10 10:58:39.659,727,0081f98608fc,-61
2025/07/10 10:58:39.659,727,0081f986057c,-58
2025/07/10 10:58:39.659,727,0081f986083d,-48
2025/07/10 10:58:48.642,729,0081f9860662,-73
2025/07/10 10:58:48.642,729,0081f9860356,-69
2025/07/10 10:58:48.642,729,0081f9860866,-65
2025/07/10 10:58:48.642,729,0081f986053f,-64
2025/07/10 10:58:48.642,729,0081f986057c,-62
2025/07/10 10:58:48.642,729,0081f98608fc,-57
2025/07/10 10:58:48.642,729,0081f98602f6,-54
2025/07/10 10:58:48.642,729,0081f986083d,-51
2025/07/10 10:58:53.639,726,0081f986075d,-89
2025/07/10 10:58:53.639,726,0081f9860662,-83
2025/07/10 10:58:53.639,726,0081f9860866,-72
2025/07/10 10:58:53.639,726,0081f986057c,-68
2025/07/10 10:58:53.639,726,0081f98602f6,-66
2025/07/10 10:58:53.639,726,0081f9860356,-66
2025/07/10 10:58:53.639,726,0081f98608fc,-65
2025/07/10 10:58:53.639,726,0081f986083d,-62
2025/07/10 10:58:53.639,726,0081f986053f,-59
2025/07/10 10:59:25.340,730,0081f9860662,-73
2025/07/10 10:59:25.340,730,0081f9860356,-69
2025/07/10 10:59:25.340,730,0081f986057c,-69
2025/07/10 10:59:25.340,730,0081f986083d,-61
2025/07/10 10:59:25.340,730,0081f98608fc,-60
2025/07/10 10:59:25.340,730,0081f98602f6,-58
2025/07/10 10:59:25.340,730,0081f986053f,-53
2025/07/10 10:59:25.340,730,0081f9860866,-51
2025/07/10 10:59:41.622,728,0081f9860662,-73
2025/07/10 10:59:41.622,728,0081f986053f,-68
2025/07/10 10:59:41.622,728,0081f9860356,-64
2025/07/10 10:59:41.622,728,0081f98608fc,-62
2025/07/10 10:59:41.622,728,0081f986083d,-62
2025/07/10 10:59:41.622,728,0081f98602f6,-57
2025/07/10 10:59:41.622,728,0081f986057c,-57
2025/07/10 10:59:41.622,728,0081f9860866,-51
2025/07/10 10:59:58.790,727,0081f986057c,-68
2025/07/10 10:59:58.790,727,0081f98602f6,-66
2025/07/10 10:59:58.790,727,0081f9860662,-66
2025/07/10 10:59:58.790,727,0081f9860356,-65
2025/07/10 10:59:58.790,727,0081f986053f,-65
2025/07/10 10:59:58.790,727,0081f9860866,-60
2025/07/10 10:59:58.790,727,0081f986083d,-54
2025/07/10 10:59:58.790,727,0081f98608fc,-53
